{
    "abilities": [
        {
            "ability": {
                "name": "volt-absorb",
                "url": "https://pokeapi.co/api/v2/ability/10/"
            },
            "is_hidden": false,
            "slot": 1
        },
        {
            "ability": {
                "name": "static",
                "url": "https://pokeapi.co/api/v2/ability/9/"
            },
            "is_hidden": false,
            "slot": 2
        },
        {
            "ability": {
                "name": "slush-rush",
                "url": "https://pokeapi.co/api/v2/ability/202/"
            },
            "is_hidden": true,
            "slot": 3
        }
    ],
    "base_experience": 177,
    "cries": {
        "latest": "https://raw.githubusercontent.com/PokeAPI/cries/main/cries/pokemon/latest/881.ogg",
        "legacy": null
    },
    "forms": [
        {
            "name": "arctozolt",
            "url": "https://pokeapi.co/api/v2/pokemon-form/881/"
        }
    ],
    "game_indices": [],
    "height": 23,
    "held_items": [],
    "id": 881,
    "is_default": true,
    "location_area_encounters": "https://pokeapi.co/api/v2/pokemon/881/encounters",
    "moves": [
        {
            "move": {
                "name": "mega-punch",
                "url": "https://pokeapi.co/api/v2/move/5/"
            },
            "version_group_details": [
                {
                    "level_learned_at": 0,
                    "move_learn_method": {
                        "name": "machine",
                        "url": "https://pokeapi.co/api/v2/move-learn-method/4/"
                    },
                    "order": null,
                    "version_group": {
                        "name": "sword-shield",
                        "url": "https://pokeapi.co/api/v2/version-group/20/"
                    }
                }
            ]
        },
        {
            "move": {
                "name": "thunder-punch",
                "url": "https://pokeapi.co/api/v2/move/9/"
            },
            "version_group_details": [
                {
                    "level_learned_at": 0,
                    "move_learn_method": {
                        "name": "machine",
                        "url": "https://pokeapi.co/api/v2/move-learn-method/4/"
                    },
                    "order": null,
                    "version_group": {
                        "name": "sword-shield",
                        "url": "https://pokeapi.co/api/v2/version-group/20/"
                    }
                }
            ]
        },
        {
            "move": {
                "name": "slam",
                "url": "https://pokeapi.co/api/v2/move/21/"
            },
            "version_group_details": [
                {
                    "level_learned_at": 49,
                    "move_learn_method": {
                        "name": "level-up",
                        "url": "https://pokeapi.co/api/v2/move-learn-method/1/"
                    },
                    "order": null,
                    "version_group": {
                        "name": "sword-shield",
                        "url": "https://pokeapi.co/api/v2/version-group/20/"
                    }
                }
            ]
        },
        {
            "move": {
                "name": "mega-kick",
                "url": "https://pokeapi.co/api/v2/move/25/"
            },
            "version_group_details": [
                {
                    "level_learned_at": 0,
                    "move_learn_method": {
                        "name": "machine",
                        "url": "https://pokeapi.co/api/v2/move-learn-method/4/"
                    },
                    "order": null,
                    "version_group": {
                        "name": "sword-shield",
                        "url": "https://pokeapi.co/api/v2/version-group/20/"
                    }
                }
            ]
        },
        {
            "move": {
                "name": "body-slam",
                "url": "https://pokeapi.co/api/v2/move/34/"
            },
            "version_group_details": [
                {
                    "level_learned_at": 0,
                    "move_learn_method": {
                        "name": "machine",
                        "url": "https://pokeapi.co/api/v2/move-learn-method/4/"
                    },
                    "order": null,
                    "version_group": {
                        "name": "sword-shield",
                        "url": "https://pokeapi.co/api/v2/version-group/20/"
                    }
                }
            ]
        },
        {
            "move": {
                "name": "hydro-pump",
                "url": "https://pokeapi.co/api/v2/move/56/"
            },
            "version_group_details": [
                {
                    "level_learned_at": 0,
                    "move_learn_method": {
                        "name": "machine",
                        "url": "https://pokeapi.co/api/v2/move-learn-method/4/"
                    },
                    "order": null,
                    "version_group": {
                        "name": "sword-shield",
                        "url": "https://pokeapi.co/api/v2/version-group/20/"
                    }
                }
            ]
        },
        {
            "move": {
                "name": "surf",
                "url": "https://pokeapi.co/api/v2/move/57/"
            },
            "version_group_details": [
                {
                    "level_learned_at": 0,
                    "move_learn_method": {
                        "name": "machine",
                        "url": "https://pokeapi.co/api/v2/move-learn-method/4/"
                    },
                    "order": null,
                    "version_group": {
                        "name": "sword-shield",
                        "url": "https://pokeapi.co/api/v2/version-group/20/"
                    }
                }
            ]
        },
        {
            "move": {
                "name": "ice-beam",
                "url": "https://pokeapi.co/api/v2/move/58/"
            },
            "version_group_details": [
                {
                    "level_learned_at": 0,
                    "move_learn_method": {
                        "name": "machine",
                        "url": "https://pokeapi.co/api/v2/move-learn-method/4/"
                    },
                    "order": null,
                    "version_group": {
                        "name": "sword-shield",
                        "url": "https://pokeapi.co/api/v2/version-group/20/"
                    }
                }
            ]
        },
        {
            "move": {
                "name": "blizzard",
                "url": "https://pokeapi.co/api/v2/move/59/"
            },
            "version_group_details": [
                {
                    "level_learned_at": 77,
                    "move_learn_method": {
                        "name": "level-up",
                        "url": "https://pokeapi.co/api/v2/move-learn-method/1/"
                    },
                    "order": null,
                    "version_group": {
                        "name": "sword-shield",
                        "url": "https://pokeapi.co/api/v2/version-group/20/"
                    }
                },
                {
                    "level_learned_at": 0,
                    "move_learn_method": {
                        "name": "machine",
                        "url": "https://pokeapi.co/api/v2/move-learn-method/4/"
                    },
                    "order": null,
                    "version_group": {
                        "name": "sword-shield",
                        "url": "https://pokeapi.co/api/v2/version-group/20/"
                    }
                }
            ]
        },
        {
            "move": {
                "name": "hyper-beam",
                "url": "https://pokeapi.co/api/v2/move/63/"
            },
            "version_group_details": [
                {
                    "level_learned_at": 0,
                    "move_learn_method": {
                        "name": "machine",
                        "url": "https://pokeapi.co/api/v2/move-learn-method/4/"
                    },
                    "order": null,
                    "version_group": {
                        "name": "sword-shield",
                        "url": "https://pokeapi.co/api/v2/version-group/20/"
                    }
                }
            ]
        },
        {
            "move": {
                "name": "low-kick",
                "url": "https://pokeapi.co/api/v2/move/67/"
            },
            "version_group_details": [
                {
                    "level_learned_at": 0,
                    "move_learn_method": {
                        "name": "machine",
                        "url": "https://pokeapi.co/api/v2/move-learn-method/4/"
                    },
                    "order": null,
                    "version_group": {
                        "name": "sword-shield",
                        "url": "https://pokeapi.co/api/v2/version-group/20/"
                    }
                }
            ]
        },
        {
            "move": {
                "name": "thunder-shock",
                "url": "https://pokeapi.co/api/v2/move/84/"
            },
            "version_group_details": [
                {
                    "level_learned_at": 1,
                    "move_learn_method": {
                        "name": "level-up",
                        "url": "https://pokeapi.co/api/v2/move-learn-method/1/"
                    },
                    "order": 2,
                    "version_group": {
                        "name": "sword-shield",
                        "url": "https://pokeapi.co/api/v2/version-group/20/"
                    }
                }
            ]
        },
        {
            "move": {
                "name": "thunderbolt",
                "url": "https://pokeapi.co/api/v2/move/85/"
            },
            "version_group_details": [
                {
                    "level_learned_at": 0,
                    "move_learn_method": {
                        "name": "machine",
                        "url": "https://pokeapi.co/api/v2/move-learn-method/4/"
                    },
                    "order": null,
                    "version_group": {
                        "name": "sword-shield",
                        "url": "https://pokeapi.co/api/v2/version-group/20/"
                    }
                }
            ]
        },
        {
            "move": {
                "name": "thunder-wave",
                "url": "https://pokeapi.co/api/v2/move/86/"
            },
            "version_group_details": [
                {
                    "level_learned_at": 0,
                    "move_learn_method": {
                        "name": "machine",
                        "url": "https://pokeapi.co/api/v2/move-learn-method/4/"
                    },
                    "order": null,
                    "version_group": {
                        "name": "sword-shield",
                        "url": "https://pokeapi.co/api/v2/version-group/20/"
                    }
                }
            ]
        },
        {
            "move": {
                "name": "thunder",
                "url": "https://pokeapi.co/api/v2/move/87/"
            },
            "version_group_details": [
                {
                    "level_learned_at": 0,
                    "move_learn_method": {
                        "name": "machine",
                        "url": "https://pokeapi.co/api/v2/move-learn-method/4/"
                    },
                    "order": null,
                    "version_group": {
                        "name": "sword-shield",
                        "url": "https://pokeapi.co/api/v2/version-group/20/"
                    }
                }
            ]
        },
        {
            "move": {
                "name": "rest",
                "url": "https://pokeapi.co/api/v2/move/156/"
            },
            "version_group_details": [
                {
                    "level_learned_at": 0,
                    "move_learn_method": {
                        "name": "machine",
                        "url": "https://pokeapi.co/api/v2/move-learn-method/4/"
                    },
                    "order": null,
                    "version_group": {
                        "name": "sword-shield",
                        "url": "https://pokeapi.co/api/v2/version-group/20/"
                    }
                }
            ]
        },
        {
            "move": {
                "name": "rock-slide",
                "url": "https://pokeapi.co/api/v2/move/157/"
            },
            "version_group_details": [
                {
                    "level_learned_at": 0,
                    "move_learn_method": {
                        "name": "machine",
                        "url": "https://pokeapi.co/api/v2/move-learn-method/4/"
                    },
                    "order": null,
                    "version_group": {
                        "name": "sword-shield",
                        "url": "https://pokeapi.co/api/v2/version-group/20/"
                    }
                }
            ]
        },
        {
            "move": {
                "name": "substitute",
                "url": "https://pokeapi.co/api/v2/move/164/"
            },
            "version_group_details": [
                {
                    "level_learned_at": 0,
                    "move_learn_method": {
                        "name": "machine",
                        "url": "https://pokeapi.co/api/v2/move-learn-method/4/"
                    },
                    "order": null,
                    "version_group": {
                        "name": "sword-shield",
                        "url": "https://pokeapi.co/api/v2/version-group/20/"
                    }
                }
            ]
        },
        {
            "move": {
                "name": "snore",
                "url": "https://pokeapi.co/api/v2/move/173/"
            },
            "version_group_details": [
                {
                    "level_learned_at": 0,
                    "move_learn_method": {
                        "name": "machine",
                        "url": "https://pokeapi.co/api/v2/move-learn-method/4/"
                    },
                    "order": null,
                    "version_group": {
                        "name": "sword-shield",
                        "url": "https://pokeapi.co/api/v2/version-group/20/"
                    }
                }
            ]
        },
        {
            "move": {
                "name": "powder-snow",
                "url": "https://pokeapi.co/api/v2/move/181/"
            },
            "version_group_details": [
                {
                    "level_learned_at": 1,
                    "move_learn_method": {
                        "name": "level-up",
                        "url": "https://pokeapi.co/api/v2/move-learn-method/1/"
                    },
                    "order": 1,
                    "version_group": {
                        "name": "sword-shield",
                        "url": "https://pokeapi.co/api/v2/version-group/20/"
                    }
                }
            ]
        },
        {
            "move": {
                "name": "protect",
                "url": "https://pokeapi.co/api/v2/move/182/"
            },
            "version_group_details": [
                {
                    "level_learned_at": 0,
                    "move_learn_method": {
                        "name": "machine",
                        "url": "https://pokeapi.co/api/v2/move-learn-method/4/"
                    },
                    "order": null,
                    "version_group": {
                        "name": "sword-shield",
                        "url": "https://pokeapi.co/api/v2/version-group/20/"
                    }
                }
            ]
        },
        {
            "move": {
                "name": "icy-wind",
                "url": "https://pokeapi.co/api/v2/move/196/"
            },
            "version_group_details": [
                {
                    "level_learned_at": 0,
                    "move_learn_method": {
                        "name": "machine",
                        "url": "https://pokeapi.co/api/v2/move-learn-method/4/"
                    },
                    "order": null,
                    "version_group": {
                        "name": "sword-shield",
                        "url": "https://pokeapi.co/api/v2/version-group/20/"
                    }
                }
            ]
        },
        {
            "move": {
                "name": "endure",
                "url": "https://pokeapi.co/api/v2/move/203/"
            },
            "version_group_details": [
                {
                    "level_learned_at": 0,
                    "move_learn_method": {
                        "name": "machine",
                        "url": "https://pokeapi.co/api/v2/move-learn-method/4/"
                    },
                    "order": null,
                    "version_group": {
                        "name": "sword-shield",
                        "url": "https://pokeapi.co/api/v2/version-group/20/"
                    }
                }
            ]
        },
        {
            "move": {
                "name": "sleep-talk",
                "url": "https://pokeapi.co/api/v2/move/214/"
            },
            "version_group_details": [
                {
                    "level_learned_at": 0,
                    "move_learn_method": {
                        "name": "machine",
                        "url": "https://pokeapi.co/api/v2/move-learn-method/4/"
                    },
                    "order": null,
                    "version_group": {
                        "name": "sword-shield",
                        "url": "https://pokeapi.co/api/v2/version-group/20/"
                    }
                }
            ]
        },
        {
            "move": {
                "name": "iron-tail",
                "url": "https://pokeapi.co/api/v2/move/231/"
            },
            "version_group_details": [
                {
                    "level_learned_at": 0,
                    "move_learn_method": {
                        "name": "machine",
                        "url": "https://pokeapi.co/api/v2/move-learn-method/4/"
                    },
                    "order": null,
                    "version_group": {
                        "name": "sword-shield",
                        "url": "https://pokeapi.co/api/v2/version-group/20/"
                    }
                }
            ]
        },
        {
            "move": {
                "name": "rain-dance",
                "url": "https://pokeapi.co/api/v2/move/240/"
            },
            "version_group_details": [
                {
                    "level_learned_at": 0,
                    "move_learn_method": {
                        "name": "machine",
                        "url": "https://pokeapi.co/api/v2/move-learn-method/4/"
                    },
                    "order": null,
                    "version_group": {
                        "name": "sword-shield",
                        "url": "https://pokeapi.co/api/v2/version-group/20/"
                    }
                }
            ]
        },
        {
            "move": {
                "name": "ancient-power",
                "url": "https://pokeapi.co/api/v2/move/246/"
            },
            "version_group_details": [
                {
                    "level_learned_at": 21,
                    "move_learn_method": {
                        "name": "level-up",
                        "url": "https://pokeapi.co/api/v2/move-learn-method/1/"
                    },
                    "order": null,
                    "version_group": {
                        "name": "sword-shield",
                        "url": "https://pokeapi.co/api/v2/version-group/20/"
                    }
                }
            ]
        },
        {
            "move": {
                "name": "hail",
                "url": "https://pokeapi.co/api/v2/move/258/"
            },
            "version_group_details": [
                {
                    "level_learned_at": 0,
                    "move_learn_method": {
                        "name": "machine",
                        "url": "https://pokeapi.co/api/v2/move-learn-method/4/"
                    },
                    "order": null,
                    "version_group": {
                        "name": "sword-shield",
                        "url": "https://pokeapi.co/api/v2/version-group/20/"
                    }
                }
            ]
        },
        {
            "move": {
                "name": "facade",
                "url": "https://pokeapi.co/api/v2/move/263/"
            },
            "version_group_details": [
                {
                    "level_learned_at": 0,
                    "move_learn_method": {
                        "name": "machine",
                        "url": "https://pokeapi.co/api/v2/move-learn-method/4/"
                    },
                    "order": null,
                    "version_group": {
                        "name": "sword-shield",
                        "url": "https://pokeapi.co/api/v2/version-group/20/"
                    }
                }
            ]
        },
        {
            "move": {
                "name": "charge",
                "url": "https://pokeapi.co/api/v2/move/268/"
            },
            "version_group_details": [
                {
                    "level_learned_at": 7,
                    "move_learn_method": {
                        "name": "level-up",
                        "url": "https://pokeapi.co/api/v2/move-learn-method/1/"
                    },
                    "order": null,
                    "version_group": {
                        "name": "sword-shield",
                        "url": "https://pokeapi.co/api/v2/version-group/20/"
                    }
                }
            ]
        },
        {
            "move": {
                "name": "taunt",
                "url": "https://pokeapi.co/api/v2/move/269/"
            },
            "version_group_details": [
                {
                    "level_learned_at": 0,
                    "move_learn_method": {
                        "name": "machine",
                        "url": "https://pokeapi.co/api/v2/move-learn-method/4/"
                    },
                    "order": null,
                    "version_group": {
                        "name": "sword-shield",
                        "url": "https://pokeapi.co/api/v2/version-group/20/"
                    }
                }
            ]
        },
        {
            "move": {
                "name": "hyper-voice",
                "url": "https://pokeapi.co/api/v2/move/304/"
            },
            "version_group_details": [
                {
                    "level_learned_at": 0,
                    "move_learn_method": {
                        "name": "machine",
                        "url": "https://pokeapi.co/api/v2/move-learn-method/4/"
                    },
                    "order": null,
                    "version_group": {
                        "name": "sword-shield",
                        "url": "https://pokeapi.co/api/v2/version-group/20/"
                    }
                }
            ]
        },
        {
            "move": {
                "name": "rock-tomb",
                "url": "https://pokeapi.co/api/v2/move/317/"
            },
            "version_group_details": [
                {
                    "level_learned_at": 0,
                    "move_learn_method": {
                        "name": "machine",
                        "url": "https://pokeapi.co/api/v2/move-learn-method/4/"
                    },
                    "order": null,
                    "version_group": {
                        "name": "sword-shield",
                        "url": "https://pokeapi.co/api/v2/version-group/20/"
                    }
                }
            ]
        },
        {
            "move": {
                "name": "icicle-spear",
                "url": "https://pokeapi.co/api/v2/move/333/"
            },
            "version_group_details": [
                {
                    "level_learned_at": 0,
                    "move_learn_method": {
                        "name": "machine",
                        "url": "https://pokeapi.co/api/v2/move-learn-method/4/"
                    },
                    "order": null,
                    "version_group": {
                        "name": "sword-shield",
                        "url": "https://pokeapi.co/api/v2/version-group/20/"
                    }
                }
            ]
        },
        {
            "move": {
                "name": "rock-blast",
                "url": "https://pokeapi.co/api/v2/move/350/"
            },
            "version_group_details": [
                {
                    "level_learned_at": 0,
                    "move_learn_method": {
                        "name": "machine",
                        "url": "https://pokeapi.co/api/v2/move-learn-method/4/"
                    },
                    "order": null,
                    "version_group": {
                        "name": "sword-shield",
                        "url": "https://pokeapi.co/api/v2/version-group/20/"
                    }
                }
            ]
        },
        {
            "move": {
                "name": "pluck",
                "url": "https://pokeapi.co/api/v2/move/365/"
            },
            "version_group_details": [
                {
                    "level_learned_at": 28,
                    "move_learn_method": {
                        "name": "level-up",
                        "url": "https://pokeapi.co/api/v2/move-learn-method/1/"
                    },
                    "order": null,
                    "version_group": {
                        "name": "sword-shield",
                        "url": "https://pokeapi.co/api/v2/version-group/20/"
                    }
                }
            ]
        },
        {
            "move": {
                "name": "payback",
                "url": "https://pokeapi.co/api/v2/move/371/"
            },
            "version_group_details": [
                {
                    "level_learned_at": 0,
                    "move_learn_method": {
                        "name": "machine",
                        "url": "https://pokeapi.co/api/v2/move-learn-method/4/"
                    },
                    "order": null,
                    "version_group": {
                        "name": "sword-shield",
                        "url": "https://pokeapi.co/api/v2/version-group/20/"
                    }
                }
            ]
        },
        {
            "move": {
                "name": "giga-impact",
                "url": "https://pokeapi.co/api/v2/move/416/"
            },
            "version_group_details": [
                {
                    "level_learned_at": 0,
                    "move_learn_method": {
                        "name": "machine",
                        "url": "https://pokeapi.co/api/v2/move-learn-method/4/"
                    },
                    "order": null,
                    "version_group": {
                        "name": "sword-shield",
                        "url": "https://pokeapi.co/api/v2/version-group/20/"
                    }
                }
            ]
        },
        {
            "move": {
                "name": "avalanche",
                "url": "https://pokeapi.co/api/v2/move/419/"
            },
            "version_group_details": [
                {
                    "level_learned_at": 35,
                    "move_learn_method": {
                        "name": "level-up",
                        "url": "https://pokeapi.co/api/v2/move-learn-method/1/"
                    },
                    "order": null,
                    "version_group": {
                        "name": "sword-shield",
                        "url": "https://pokeapi.co/api/v2/version-group/20/"
                    }
                },
                {
                    "level_learned_at": 0,
                    "move_learn_method": {
                        "name": "machine",
                        "url": "https://pokeapi.co/api/v2/move-learn-method/4/"
                    },
                    "order": null,
                    "version_group": {
                        "name": "sword-shield",
                        "url": "https://pokeapi.co/api/v2/version-group/20/"
                    }
                }
            ]
        },
        {
            "move": {
                "name": "thunder-fang",
                "url": "https://pokeapi.co/api/v2/move/422/"
            },
            "version_group_details": [
                {
                    "level_learned_at": 0,
                    "move_learn_method": {
                        "name": "machine",
                        "url": "https://pokeapi.co/api/v2/move-learn-method/4/"
                    },
                    "order": null,
                    "version_group": {
                        "name": "sword-shield",
                        "url": "https://pokeapi.co/api/v2/version-group/20/"
                    }
                }
            ]
        },
        {
            "move": {
                "name": "ice-fang",
                "url": "https://pokeapi.co/api/v2/move/423/"
            },
            "version_group_details": [
                {
                    "level_learned_at": 0,
                    "move_learn_method": {
                        "name": "machine",
                        "url": "https://pokeapi.co/api/v2/move-learn-method/4/"
                    },
                    "order": null,
                    "version_group": {
                        "name": "sword-shield",
                        "url": "https://pokeapi.co/api/v2/version-group/20/"
                    }
                }
            ]
        },
        {
            "move": {
                "name": "discharge",
                "url": "https://pokeapi.co/api/v2/move/435/"
            },
            "version_group_details": [
                {
                    "level_learned_at": 56,
                    "move_learn_method": {
                        "name": "level-up",
                        "url": "https://pokeapi.co/api/v2/move-learn-method/1/"
                    },
                    "order": null,
                    "version_group": {
                        "name": "sword-shield",
                        "url": "https://pokeapi.co/api/v2/version-group/20/"
                    }
                }
            ]
        },
        {
            "move": {
                "name": "stone-edge",
                "url": "https://pokeapi.co/api/v2/move/444/"
            },
            "version_group_details": [
                {
                    "level_learned_at": 0,
                    "move_learn_method": {
                        "name": "machine",
                        "url": "https://pokeapi.co/api/v2/move-learn-method/4/"
                    },
                    "order": null,
                    "version_group": {
                        "name": "sword-shield",
                        "url": "https://pokeapi.co/api/v2/version-group/20/"
                    }
                }
            ]
        },
        {
            "move": {
                "name": "electro-ball",
                "url": "https://pokeapi.co/api/v2/move/486/"
            },
            "version_group_details": [
                {
                    "level_learned_at": 0,
                    "move_learn_method": {
                        "name": "machine",
                        "url": "https://pokeapi.co/api/v2/move-learn-method/4/"
                    },
                    "order": null,
                    "version_group": {
                        "name": "sword-shield",
                        "url": "https://pokeapi.co/api/v2/version-group/20/"
                    }
                }
            ]
        },
        {
            "move": {
                "name": "round",
                "url": "https://pokeapi.co/api/v2/move/496/"
            },
            "version_group_details": [
                {
                    "level_learned_at": 0,
                    "move_learn_method": {
                        "name": "machine",
                        "url": "https://pokeapi.co/api/v2/move-learn-method/4/"
                    },
                    "order": null,
                    "version_group": {
                        "name": "sword-shield",
                        "url": "https://pokeapi.co/api/v2/version-group/20/"
                    }
                }
            ]
        },
        {
            "move": {
                "name": "echoed-voice",
                "url": "https://pokeapi.co/api/v2/move/497/"
            },
            "version_group_details": [
                {
                    "level_learned_at": 14,
                    "move_learn_method": {
                        "name": "level-up",
                        "url": "https://pokeapi.co/api/v2/move-learn-method/1/"
                    },
                    "order": null,
                    "version_group": {
                        "name": "sword-shield",
                        "url": "https://pokeapi.co/api/v2/version-group/20/"
                    }
                }
            ]
        },
        {
            "move": {
                "name": "bulldoze",
                "url": "https://pokeapi.co/api/v2/move/523/"
            },
            "version_group_details": [
                {
                    "level_learned_at": 0,
                    "move_learn_method": {
                        "name": "machine",
                        "url": "https://pokeapi.co/api/v2/move-learn-method/4/"
                    },
                    "order": null,
                    "version_group": {
                        "name": "sword-shield",
                        "url": "https://pokeapi.co/api/v2/version-group/20/"
                    }
                }
            ]
        },
        {
            "move": {
                "name": "wild-charge",
                "url": "https://pokeapi.co/api/v2/move/528/"
            },
            "version_group_details": [
                {
                    "level_learned_at": 0,
                    "move_learn_method": {
                        "name": "machine",
                        "url": "https://pokeapi.co/api/v2/move-learn-method/4/"
                    },
                    "order": null,
                    "version_group": {
                        "name": "sword-shield",
                        "url": "https://pokeapi.co/api/v2/version-group/20/"
                    }
                }
            ]
        },
        {
            "move": {
                "name": "icicle-crash",
                "url": "https://pokeapi.co/api/v2/move/556/"
            },
            "version_group_details": [
                {
                    "level_learned_at": 70,
                    "move_learn_method": {
                        "name": "level-up",
                        "url": "https://pokeapi.co/api/v2/move-learn-method/1/"
                    },
                    "order": null,
                    "version_group": {
                        "name": "sword-shield",
                        "url": "https://pokeapi.co/api/v2/version-group/20/"
                    }
                }
            ]
        },
        {
            "move": {
                "name": "freeze-dry",
                "url": "https://pokeapi.co/api/v2/move/573/"
            },
            "version_group_details": [
                {
                    "level_learned_at": 42,
                    "move_learn_method": {
                        "name": "level-up",
                        "url": "https://pokeapi.co/api/v2/move-learn-method/1/"
                    },
                    "order": null,
                    "version_group": {
                        "name": "sword-shield",
                        "url": "https://pokeapi.co/api/v2/version-group/20/"
                    }
                }
            ]
        },
        {
            "move": {
                "name": "stomping-tantrum",
                "url": "https://pokeapi.co/api/v2/move/707/"
            },
            "version_group_details": [
                {
                    "level_learned_at": 0,
                    "move_learn_method": {
                        "name": "machine",
                        "url": "https://pokeapi.co/api/v2/move-learn-method/4/"
                    },
                    "order": null,
                    "version_group": {
                        "name": "sword-shield",
                        "url": "https://pokeapi.co/api/v2/version-group/20/"
                    }
                }
            ]
        },
        {
            "move": {
                "name": "bolt-beak",
                "url": "https://pokeapi.co/api/v2/move/754/"
            },
            "version_group_details": [
                {
                    "level_learned_at": 63,
                    "move_learn_method": {
                        "name": "level-up",
                        "url": "https://pokeapi.co/api/v2/move-learn-method/1/"
                    },
                    "order": null,
                    "version_group": {
                        "name": "sword-shield",
                        "url": "https://pokeapi.co/api/v2/version-group/20/"
                    }
                }
            ]
        },
        {
            "move": {
                "name": "meteor-beam",
                "url": "https://pokeapi.co/api/v2/move/800/"
            },
            "version_group_details": [
                {
                    "level_learned_at": 0,
                    "move_learn_method": {
                        "name": "tutor",
                        "url": "https://pokeapi.co/api/v2/move-learn-method/3/"
                    },
                    "order": null,
                    "version_group": {
                        "name": "sword-shield",
                        "url": "https://pokeapi.co/api/v2/version-group/20/"
                    }
                }
            ]
        },
        {
            "move": {
                "name": "rising-voltage",
                "url": "https://pokeapi.co/api/v2/move/804/"
            },
            "version_group_details": [
                {
                    "level_learned_at": 0,
                    "move_learn_method": {
                        "name": "tutor",
                        "url": "https://pokeapi.co/api/v2/move-learn-method/3/"
                    },
                    "order": null,
                    "version_group": {
                        "name": "sword-shield",
                        "url": "https://pokeapi.co/api/v2/version-group/20/"
                    }
                }
            ]
        }
    ],
    "name": "arctozolt",
    "order": 1068,
    "past_abilities": [],
    "past_types": [],
    "species": {
        "name": "arctozolt",
        "url": "https://pokeapi.co/api/v2/pokemon-species/881/"
    },
    "sprites": {
        "back_default": "https://raw.githubusercontent.com/PokeAPI/sprites/master/sprites/pokemon/back/881.png",
        "back_female": null,
        "back_shiny": "https://raw.githubusercontent.com/PokeAPI/sprites/master/sprites/pokemon/back/shiny/881.png",
        "back_shiny_female": null,
        "front_default": "https://raw.githubusercontent.com/PokeAPI/sprites/master/sprites/pokemon/881.png",
        "front_female": null,
        "front_shiny": "https://raw.githubusercontent.com/PokeAPI/sprites/master/sprites/pokemon/shiny/881.png",
        "front_shiny_female": null,
        "other": {
            "dream_world": {
                "front_default": null,
                "front_female": null
            },
            "home": {
                "front_default": "https://raw.githubusercontent.com/PokeAPI/sprites/master/sprites/pokemon/other/home/881.png",
                "front_female": null,
                "front_shiny": "https://raw.githubusercontent.com/PokeAPI/sprites/master/sprites/pokemon/other/home/shiny/881.png",
                "front_shiny_female": null
            },
            "official-artwork": {
                "front_default": "https://raw.githubusercontent.com/PokeAPI/sprites/master/sprites/pokemon/other/official-artwork/881.png",
                "front_shiny": "https://raw.githubusercontent.com/PokeAPI/sprites/master/sprites/pokemon/other/official-artwork/shiny/881.png"
            },
            "showdown": {
                "back_default": "https://raw.githubusercontent.com/PokeAPI/sprites/master/sprites/pokemon/other/showdown/back/881.gif",
                "back_female": null,
                "back_shiny": "https://raw.githubusercontent.com/PokeAPI/sprites/master/sprites/pokemon/other/showdown/back/shiny/881.gif",
                "back_shiny_female": null,
                "front_default": "https://raw.githubusercontent.com/PokeAPI/sprites/master/sprites/pokemon/other/showdown/881.gif",
                "front_female": null,
                "front_shiny": "https://raw.githubusercontent.com/PokeAPI/sprites/master/sprites/pokemon/other/showdown/shiny/881.gif",
                "front_shiny_female": null
            }
        },
        "versions": {
            "generation-i": {
                "red-blue": {
                    "back_default": null,
                    "back_gray": null,
                    "back_transparent": null,
                    "front_default": null,
                    "front_gray": null,
                    "front_transparent": null
                },
                "yellow": {
                    "back_default": null,
                    "back_gray": null,
                    "back_transparent": null,
                    "front_default": null,
                    "front_gray": null,
                    "front_transparent": null
                }
            },
            "generation-ii": {
                "crystal": {
                    "back_default": null,
                    "back_shiny": null,
                    "back_shiny_transparent": null,
                    "back_transparent": null,
                    "front_default": null,
                    "front_shiny": null,
                    "front_shiny_transparent": null,
                    "front_transparent": null
                },
                "gold": {
                    "back_default": null,
                    "back_shiny": null,
                    "front_default": null,
                    "front_shiny": null,
                    "front_transparent": null
                },
                "silver": {
                    "back_default": null,
                    "back_shiny": null,
                    "front_default": null,
                    "front_shiny": null,
                    "front_transparent": null
                }
            },
            "generation-iii": {
                "emerald": {
                    "front_default": null,
                    "front_shiny": null
                },
                "firered-leafgreen": {
                    "back_default": null,
                    "back_shiny": null,
                    "front_default": null,
                    "front_shiny": null
                },
                "ruby-sapphire": {
                    "back_default": null,
                    "back_shiny": null,
                    "front_default": null,
                    "front_shiny": null
                }
            },
            "generation-iv": {
                "diamond-pearl": {
                    "back_default": null,
                    "back_female": null,
                    "back_shiny": null,
                    "back_shiny_female": null,
                    "front_default": null,
                    "front_female": null,
                    "front_shiny": null,
                    "front_shiny_female": null
                },
                "heartgold-soulsilver": {
                    "back_default": null,
                    "back_female": null,
                    "back_shiny": null,
                    "back_shiny_female": null,
                    "front_default": null,
                    "front_female": null,
                    "front_shiny": null,
                    "front_shiny_female": null
                },
                "platinum": {
                    "back_default": null,
                    "back_female": null,
                    "back_shiny": null,
                    "back_shiny_female": null,
                    "front_default": null,
                    "front_female": null,
                    "front_shiny": null,
                    "front_shiny_female": null
                }
            },
            "generation-v": {
                "black-white": {
                    "animated": {
                        "back_default": null,
                        "back_female": null,
                        "back_shiny": null,
                        "back_shiny_female": null,
                        "front_default": null,
                        "front_female": null,
                        "front_shiny": null,
                        "front_shiny_female": null
                    },
                    "back_default": "https://raw.githubusercontent.com/PokeAPI/sprites/master/sprites/pokemon/versions/generation-v/black-white/back/881.png",
                    "back_female": null,
                    "back_shiny": "https://raw.githubusercontent.com/PokeAPI/sprites/master/sprites/pokemon/versions/generation-v/black-white/back/shiny/881.png",
                    "back_shiny_female": null,
                    "front_default": "https://raw.githubusercontent.com/PokeAPI/sprites/master/sprites/pokemon/versions/generation-v/black-white/881.png",
                    "front_female": null,
                    "front_shiny": "https://raw.githubusercontent.com/PokeAPI/sprites/master/sprites/pokemon/versions/generation-v/black-white/shiny/881.png",
                    "front_shiny_female": null
                }
            },
            "generation-vi": {
                "omegaruby-alphasapphire": {
                    "front_default": null,
                    "front_female": null,
                    "front_shiny": null,
                    "front_shiny_female": null
                },
                "x-y": {
                    "front_default": null,
                    "front_female": null,
                    "front_shiny": null,
                    "front_shiny_female": null
                }
            },
            "generation-vii": {
                "icons": {
                    "front_default": null,
                    "front_female": null
                },
                "ultra-sun-ultra-moon": {
                    "front_default": null,
                    "front_female": null,
                    "front_shiny": null,
                    "front_shiny_female": null
                }
            },
            "generation-viii": {
                "icons": {
                    "front_default": "https://raw.githubusercontent.com/PokeAPI/sprites/master/sprites/pokemon/versions/generation-viii/icons/881.png",
                    "front_female": null
                }
            }
        }
    },
    "stats": [
        {
            "base_stat": 90,
            "effort": 0,
            "stat": {
                "name": "hp",
                "url": "https://pokeapi.co/api/v2/stat/1/"
            }
        },
        {
            "base_stat": 100,
            "effort": 2,
            "stat": {
                "name": "attack",
                "url": "https://pokeapi.co/api/v2/stat/2/"
            }
        },
        {
            "base_stat": 90,
            "effort": 0,
            "stat": {
                "name": "defense",
                "url": "https://pokeapi.co/api/v2/stat/3/"
            }
        },
        {
            "base_stat": 90,
            "effort": 0,
            "stat": {
                "name": "special-attack",
                "url": "https://pokeapi.co/api/v2/stat/4/"
            }
        },
        {
            "base_stat": 80,
            "effort": 0,
            "stat": {
                "name": "special-defense",
                "url": "https://pokeapi.co/api/v2/stat/5/"
            }
        },
        {
            "base_stat": 55,
            "effort": 0,
            "stat": {
                "name": "speed",
                "url": "https://pokeapi.co/api/v2/stat/6/"
            }
        }
    ],
    "types": [
        {
            "slot": 1,
            "type": {
                "name": "electric",
                "url": "https://pokeapi.co/api/v2/type/13/"
            }
        },
        {
            "slot": 2,
            "type": {
                "name": "ice",
                "url": "https://pokeapi.co/api/v2/type/15/"
            }
        }
    ],
    "weight": 1500
}