{
    "abilities": [
        {
            "ability": {
                "name": "strong-jaw",
                "url": "https://pokeapi.co/api/v2/ability/173/"
            },
            "is_hidden": false,
            "slot": 1
        },
        {
            "ability": {
                "name": "ice-body",
                "url": "https://pokeapi.co/api/v2/ability/115/"
            },
            "is_hidden": false,
            "slot": 2
        },
        {
            "ability": {
                "name": "sturdy",
                "url": "https://pokeapi.co/api/v2/ability/5/"
            },
            "is_hidden": true,
            "slot": 3
        }
    ],
    "base_experience": 180,
    "cries": {
        "latest": "https://raw.githubusercontent.com/PokeAPI/cries/main/cries/pokemon/latest/10243.ogg",
        "legacy": null
    },
    "forms": [
        {
            "name": "avalugg-hisui",
            "url": "https://pokeapi.co/api/v2/pokemon-form/10412/"
        }
    ],
    "game_indices": [],
    "height": 14,
    "held_items": [],
    "id": 10243,
    "is_default": false,
    "location_area_encounters": "https://pokeapi.co/api/v2/pokemon/10243/encounters",
    "moves": [
        {
            "move": {
                "name": "tackle",
                "url": "https://pokeapi.co/api/v2/move/33/"
            },
            "version_group_details": [
                {
                    "level_learned_at": 1,
                    "move_learn_method": {
                        "name": "level-up",
                        "url": "https://pokeapi.co/api/v2/move-learn-method/1/"
                    },
                    "order": null,
                    "version_group": {
                        "name": "legends-arceus",
                        "url": "https://pokeapi.co/api/v2/version-group/24/"
                    }
                },
                {
                    "level_learned_at": 1,
                    "move_learn_method": {
                        "name": "level-up",
                        "url": "https://pokeapi.co/api/v2/move-learn-method/1/"
                    },
                    "order": 5,
                    "version_group": {
                        "name": "scarlet-violet",
                        "url": "https://pokeapi.co/api/v2/version-group/25/"
                    }
                }
            ]
        },
        {
            "move": {
                "name": "body-slam",
                "url": "https://pokeapi.co/api/v2/move/34/"
            },
            "version_group_details": [
                {
                    "level_learned_at": 0,
                    "move_learn_method": {
                        "name": "machine",
                        "url": "https://pokeapi.co/api/v2/move-learn-method/4/"
                    },
                    "order": null,
                    "version_group": {
                        "name": "scarlet-violet",
                        "url": "https://pokeapi.co/api/v2/version-group/25/"
                    }
                }
            ]
        },
        {
            "move": {
                "name": "take-down",
                "url": "https://pokeapi.co/api/v2/move/36/"
            },
            "version_group_details": [
                {
                    "level_learned_at": 36,
                    "move_learn_method": {
                        "name": "level-up",
                        "url": "https://pokeapi.co/api/v2/move-learn-method/1/"
                    },
                    "order": null,
                    "version_group": {
                        "name": "scarlet-violet",
                        "url": "https://pokeapi.co/api/v2/version-group/25/"
                    }
                },
                {
                    "level_learned_at": 0,
                    "move_learn_method": {
                        "name": "machine",
                        "url": "https://pokeapi.co/api/v2/move-learn-method/4/"
                    },
                    "order": null,
                    "version_group": {
                        "name": "scarlet-violet",
                        "url": "https://pokeapi.co/api/v2/version-group/25/"
                    }
                }
            ]
        },
        {
            "move": {
                "name": "double-edge",
                "url": "https://pokeapi.co/api/v2/move/38/"
            },
            "version_group_details": [
                {
                    "level_learned_at": 47,
                    "move_learn_method": {
                        "name": "level-up",
                        "url": "https://pokeapi.co/api/v2/move-learn-method/1/"
                    },
                    "order": null,
                    "version_group": {
                        "name": "legends-arceus",
                        "url": "https://pokeapi.co/api/v2/version-group/24/"
                    }
                },
                {
                    "level_learned_at": 46,
                    "move_learn_method": {
                        "name": "level-up",
                        "url": "https://pokeapi.co/api/v2/move-learn-method/1/"
                    },
                    "order": null,
                    "version_group": {
                        "name": "scarlet-violet",
                        "url": "https://pokeapi.co/api/v2/version-group/25/"
                    }
                },
                {
                    "level_learned_at": 0,
                    "move_learn_method": {
                        "name": "machine",
                        "url": "https://pokeapi.co/api/v2/move-learn-method/4/"
                    },
                    "order": null,
                    "version_group": {
                        "name": "scarlet-violet",
                        "url": "https://pokeapi.co/api/v2/version-group/25/"
                    }
                }
            ]
        },
        {
            "move": {
                "name": "bite",
                "url": "https://pokeapi.co/api/v2/move/44/"
            },
            "version_group_details": [
                {
                    "level_learned_at": 15,
                    "move_learn_method": {
                        "name": "level-up",
                        "url": "https://pokeapi.co/api/v2/move-learn-method/1/"
                    },
                    "order": null,
                    "version_group": {
                        "name": "legends-arceus",
                        "url": "https://pokeapi.co/api/v2/version-group/24/"
                    }
                },
                {
                    "level_learned_at": 21,
                    "move_learn_method": {
                        "name": "level-up",
                        "url": "https://pokeapi.co/api/v2/move-learn-method/1/"
                    },
                    "order": null,
                    "version_group": {
                        "name": "scarlet-violet",
                        "url": "https://pokeapi.co/api/v2/version-group/25/"
                    }
                }
            ]
        },
        {
            "move": {
                "name": "ice-beam",
                "url": "https://pokeapi.co/api/v2/move/58/"
            },
            "version_group_details": [
                {
                    "level_learned_at": 0,
                    "move_learn_method": {
                        "name": "tutor",
                        "url": "https://pokeapi.co/api/v2/move-learn-method/3/"
                    },
                    "order": null,
                    "version_group": {
                        "name": "legends-arceus",
                        "url": "https://pokeapi.co/api/v2/version-group/24/"
                    }
                },
                {
                    "level_learned_at": 0,
                    "move_learn_method": {
                        "name": "machine",
                        "url": "https://pokeapi.co/api/v2/move-learn-method/4/"
                    },
                    "order": null,
                    "version_group": {
                        "name": "scarlet-violet",
                        "url": "https://pokeapi.co/api/v2/version-group/25/"
                    }
                }
            ]
        },
        {
            "move": {
                "name": "blizzard",
                "url": "https://pokeapi.co/api/v2/move/59/"
            },
            "version_group_details": [
                {
                    "level_learned_at": 37,
                    "move_learn_method": {
                        "name": "level-up",
                        "url": "https://pokeapi.co/api/v2/move-learn-method/1/"
                    },
                    "order": null,
                    "version_group": {
                        "name": "legends-arceus",
                        "url": "https://pokeapi.co/api/v2/version-group/24/"
                    }
                },
                {
                    "level_learned_at": 41,
                    "move_learn_method": {
                        "name": "level-up",
                        "url": "https://pokeapi.co/api/v2/move-learn-method/1/"
                    },
                    "order": null,
                    "version_group": {
                        "name": "scarlet-violet",
                        "url": "https://pokeapi.co/api/v2/version-group/25/"
                    }
                },
                {
                    "level_learned_at": 0,
                    "move_learn_method": {
                        "name": "machine",
                        "url": "https://pokeapi.co/api/v2/move-learn-method/4/"
                    },
                    "order": null,
                    "version_group": {
                        "name": "scarlet-violet",
                        "url": "https://pokeapi.co/api/v2/version-group/25/"
                    }
                }
            ]
        },
        {
            "move": {
                "name": "hyper-beam",
                "url": "https://pokeapi.co/api/v2/move/63/"
            },
            "version_group_details": [
                {
                    "level_learned_at": 0,
                    "move_learn_method": {
                        "name": "tutor",
                        "url": "https://pokeapi.co/api/v2/move-learn-method/3/"
                    },
                    "order": null,
                    "version_group": {
                        "name": "legends-arceus",
                        "url": "https://pokeapi.co/api/v2/version-group/24/"
                    }
                },
                {
                    "level_learned_at": 0,
                    "move_learn_method": {
                        "name": "machine",
                        "url": "https://pokeapi.co/api/v2/move-learn-method/4/"
                    },
                    "order": null,
                    "version_group": {
                        "name": "scarlet-violet",
                        "url": "https://pokeapi.co/api/v2/version-group/25/"
                    }
                }
            ]
        },
        {
            "move": {
                "name": "earthquake",
                "url": "https://pokeapi.co/api/v2/move/89/"
            },
            "version_group_details": [
                {
                    "level_learned_at": 0,
                    "move_learn_method": {
                        "name": "machine",
                        "url": "https://pokeapi.co/api/v2/move-learn-method/4/"
                    },
                    "order": null,
                    "version_group": {
                        "name": "scarlet-violet",
                        "url": "https://pokeapi.co/api/v2/version-group/25/"
                    }
                }
            ]
        },
        {
            "move": {
                "name": "dig",
                "url": "https://pokeapi.co/api/v2/move/91/"
            },
            "version_group_details": [
                {
                    "level_learned_at": 0,
                    "move_learn_method": {
                        "name": "machine",
                        "url": "https://pokeapi.co/api/v2/move-learn-method/4/"
                    },
                    "order": null,
                    "version_group": {
                        "name": "scarlet-violet",
                        "url": "https://pokeapi.co/api/v2/version-group/25/"
                    }
                }
            ]
        },
        {
            "move": {
                "name": "recover",
                "url": "https://pokeapi.co/api/v2/move/105/"
            },
            "version_group_details": [
                {
                    "level_learned_at": 30,
                    "move_learn_method": {
                        "name": "level-up",
                        "url": "https://pokeapi.co/api/v2/move-learn-method/1/"
                    },
                    "order": null,
                    "version_group": {
                        "name": "scarlet-violet",
                        "url": "https://pokeapi.co/api/v2/version-group/25/"
                    }
                }
            ]
        },
        {
            "move": {
                "name": "harden",
                "url": "https://pokeapi.co/api/v2/move/106/"
            },
            "version_group_details": [
                {
                    "level_learned_at": 1,
                    "move_learn_method": {
                        "name": "level-up",
                        "url": "https://pokeapi.co/api/v2/move-learn-method/1/"
                    },
                    "order": 4,
                    "version_group": {
                        "name": "scarlet-violet",
                        "url": "https://pokeapi.co/api/v2/version-group/25/"
                    }
                }
            ]
        },
        {
            "move": {
                "name": "rest",
                "url": "https://pokeapi.co/api/v2/move/156/"
            },
            "version_group_details": [
                {
                    "level_learned_at": 0,
                    "move_learn_method": {
                        "name": "tutor",
                        "url": "https://pokeapi.co/api/v2/move-learn-method/3/"
                    },
                    "order": null,
                    "version_group": {
                        "name": "legends-arceus",
                        "url": "https://pokeapi.co/api/v2/version-group/24/"
                    }
                },
                {
                    "level_learned_at": 0,
                    "move_learn_method": {
                        "name": "machine",
                        "url": "https://pokeapi.co/api/v2/move-learn-method/4/"
                    },
                    "order": null,
                    "version_group": {
                        "name": "scarlet-violet",
                        "url": "https://pokeapi.co/api/v2/version-group/25/"
                    }
                }
            ]
        },
        {
            "move": {
                "name": "rock-slide",
                "url": "https://pokeapi.co/api/v2/move/157/"
            },
            "version_group_details": [
                {
                    "level_learned_at": 0,
                    "move_learn_method": {
                        "name": "level-up",
                        "url": "https://pokeapi.co/api/v2/move-learn-method/1/"
                    },
                    "order": null,
                    "version_group": {
                        "name": "legends-arceus",
                        "url": "https://pokeapi.co/api/v2/version-group/24/"
                    }
                },
                {
                    "level_learned_at": 0,
                    "move_learn_method": {
                        "name": "tutor",
                        "url": "https://pokeapi.co/api/v2/move-learn-method/3/"
                    },
                    "order": null,
                    "version_group": {
                        "name": "legends-arceus",
                        "url": "https://pokeapi.co/api/v2/version-group/24/"
                    }
                },
                {
                    "level_learned_at": 0,
                    "move_learn_method": {
                        "name": "level-up",
                        "url": "https://pokeapi.co/api/v2/move-learn-method/1/"
                    },
                    "order": null,
                    "version_group": {
                        "name": "scarlet-violet",
                        "url": "https://pokeapi.co/api/v2/version-group/25/"
                    }
                },
                {
                    "level_learned_at": 0,
                    "move_learn_method": {
                        "name": "machine",
                        "url": "https://pokeapi.co/api/v2/move-learn-method/4/"
                    },
                    "order": null,
                    "version_group": {
                        "name": "scarlet-violet",
                        "url": "https://pokeapi.co/api/v2/version-group/25/"
                    }
                }
            ]
        },
        {
            "move": {
                "name": "substitute",
                "url": "https://pokeapi.co/api/v2/move/164/"
            },
            "version_group_details": [
                {
                    "level_learned_at": 0,
                    "move_learn_method": {
                        "name": "machine",
                        "url": "https://pokeapi.co/api/v2/move-learn-method/4/"
                    },
                    "order": null,
                    "version_group": {
                        "name": "scarlet-violet",
                        "url": "https://pokeapi.co/api/v2/version-group/25/"
                    }
                }
            ]
        },
        {
            "move": {
                "name": "curse",
                "url": "https://pokeapi.co/api/v2/move/174/"
            },
            "version_group_details": [
                {
                    "level_learned_at": 9,
                    "move_learn_method": {
                        "name": "level-up",
                        "url": "https://pokeapi.co/api/v2/move-learn-method/1/"
                    },
                    "order": null,
                    "version_group": {
                        "name": "scarlet-violet",
                        "url": "https://pokeapi.co/api/v2/version-group/25/"
                    }
                },
                {
                    "level_learned_at": 0,
                    "move_learn_method": {
                        "name": "machine",
                        "url": "https://pokeapi.co/api/v2/move-learn-method/4/"
                    },
                    "order": null,
                    "version_group": {
                        "name": "scarlet-violet",
                        "url": "https://pokeapi.co/api/v2/version-group/25/"
                    }
                }
            ]
        },
        {
            "move": {
                "name": "powder-snow",
                "url": "https://pokeapi.co/api/v2/move/181/"
            },
            "version_group_details": [
                {
                    "level_learned_at": 5,
                    "move_learn_method": {
                        "name": "level-up",
                        "url": "https://pokeapi.co/api/v2/move-learn-method/1/"
                    },
                    "order": null,
                    "version_group": {
                        "name": "legends-arceus",
                        "url": "https://pokeapi.co/api/v2/version-group/24/"
                    }
                },
                {
                    "level_learned_at": 1,
                    "move_learn_method": {
                        "name": "level-up",
                        "url": "https://pokeapi.co/api/v2/move-learn-method/1/"
                    },
                    "order": 1,
                    "version_group": {
                        "name": "scarlet-violet",
                        "url": "https://pokeapi.co/api/v2/version-group/25/"
                    }
                }
            ]
        },
        {
            "move": {
                "name": "protect",
                "url": "https://pokeapi.co/api/v2/move/182/"
            },
            "version_group_details": [
                {
                    "level_learned_at": 15,
                    "move_learn_method": {
                        "name": "level-up",
                        "url": "https://pokeapi.co/api/v2/move-learn-method/1/"
                    },
                    "order": null,
                    "version_group": {
                        "name": "scarlet-violet",
                        "url": "https://pokeapi.co/api/v2/version-group/25/"
                    }
                },
                {
                    "level_learned_at": 0,
                    "move_learn_method": {
                        "name": "machine",
                        "url": "https://pokeapi.co/api/v2/move-learn-method/4/"
                    },
                    "order": null,
                    "version_group": {
                        "name": "scarlet-violet",
                        "url": "https://pokeapi.co/api/v2/version-group/25/"
                    }
                }
            ]
        },
        {
            "move": {
                "name": "scary-face",
                "url": "https://pokeapi.co/api/v2/move/184/"
            },
            "version_group_details": [
                {
                    "level_learned_at": 0,
                    "move_learn_method": {
                        "name": "machine",
                        "url": "https://pokeapi.co/api/v2/move-learn-method/4/"
                    },
                    "order": null,
                    "version_group": {
                        "name": "scarlet-violet",
                        "url": "https://pokeapi.co/api/v2/version-group/25/"
                    }
                }
            ]
        },
        {
            "move": {
                "name": "icy-wind",
                "url": "https://pokeapi.co/api/v2/move/196/"
            },
            "version_group_details": [
                {
                    "level_learned_at": 0,
                    "move_learn_method": {
                        "name": "tutor",
                        "url": "https://pokeapi.co/api/v2/move-learn-method/3/"
                    },
                    "order": null,
                    "version_group": {
                        "name": "legends-arceus",
                        "url": "https://pokeapi.co/api/v2/version-group/24/"
                    }
                },
                {
                    "level_learned_at": 12,
                    "move_learn_method": {
                        "name": "level-up",
                        "url": "https://pokeapi.co/api/v2/move-learn-method/1/"
                    },
                    "order": null,
                    "version_group": {
                        "name": "scarlet-violet",
                        "url": "https://pokeapi.co/api/v2/version-group/25/"
                    }
                },
                {
                    "level_learned_at": 0,
                    "move_learn_method": {
                        "name": "machine",
                        "url": "https://pokeapi.co/api/v2/move-learn-method/4/"
                    },
                    "order": null,
                    "version_group": {
                        "name": "scarlet-violet",
                        "url": "https://pokeapi.co/api/v2/version-group/25/"
                    }
                }
            ]
        },
        {
            "move": {
                "name": "sandstorm",
                "url": "https://pokeapi.co/api/v2/move/201/"
            },
            "version_group_details": [
                {
                    "level_learned_at": 0,
                    "move_learn_method": {
                        "name": "machine",
                        "url": "https://pokeapi.co/api/v2/move-learn-method/4/"
                    },
                    "order": null,
                    "version_group": {
                        "name": "scarlet-violet",
                        "url": "https://pokeapi.co/api/v2/version-group/25/"
                    }
                }
            ]
        },
        {
            "move": {
                "name": "endure",
                "url": "https://pokeapi.co/api/v2/move/203/"
            },
            "version_group_details": [
                {
                    "level_learned_at": 0,
                    "move_learn_method": {
                        "name": "machine",
                        "url": "https://pokeapi.co/api/v2/move-learn-method/4/"
                    },
                    "order": null,
                    "version_group": {
                        "name": "scarlet-violet",
                        "url": "https://pokeapi.co/api/v2/version-group/25/"
                    }
                }
            ]
        },
        {
            "move": {
                "name": "sleep-talk",
                "url": "https://pokeapi.co/api/v2/move/214/"
            },
            "version_group_details": [
                {
                    "level_learned_at": 0,
                    "move_learn_method": {
                        "name": "machine",
                        "url": "https://pokeapi.co/api/v2/move-learn-method/4/"
                    },
                    "order": null,
                    "version_group": {
                        "name": "scarlet-violet",
                        "url": "https://pokeapi.co/api/v2/version-group/25/"
                    }
                }
            ]
        },
        {
            "move": {
                "name": "rapid-spin",
                "url": "https://pokeapi.co/api/v2/move/229/"
            },
            "version_group_details": [
                {
                    "level_learned_at": 1,
                    "move_learn_method": {
                        "name": "level-up",
                        "url": "https://pokeapi.co/api/v2/move-learn-method/1/"
                    },
                    "order": 2,
                    "version_group": {
                        "name": "scarlet-violet",
                        "url": "https://pokeapi.co/api/v2/version-group/25/"
                    }
                }
            ]
        },
        {
            "move": {
                "name": "rain-dance",
                "url": "https://pokeapi.co/api/v2/move/240/"
            },
            "version_group_details": [
                {
                    "level_learned_at": 0,
                    "move_learn_method": {
                        "name": "machine",
                        "url": "https://pokeapi.co/api/v2/move-learn-method/4/"
                    },
                    "order": null,
                    "version_group": {
                        "name": "scarlet-violet",
                        "url": "https://pokeapi.co/api/v2/version-group/25/"
                    }
                }
            ]
        },
        {
            "move": {
                "name": "crunch",
                "url": "https://pokeapi.co/api/v2/move/242/"
            },
            "version_group_details": [
                {
                    "level_learned_at": 29,
                    "move_learn_method": {
                        "name": "level-up",
                        "url": "https://pokeapi.co/api/v2/move-learn-method/1/"
                    },
                    "order": null,
                    "version_group": {
                        "name": "legends-arceus",
                        "url": "https://pokeapi.co/api/v2/version-group/24/"
                    }
                },
                {
                    "level_learned_at": 33,
                    "move_learn_method": {
                        "name": "level-up",
                        "url": "https://pokeapi.co/api/v2/move-learn-method/1/"
                    },
                    "order": null,
                    "version_group": {
                        "name": "scarlet-violet",
                        "url": "https://pokeapi.co/api/v2/version-group/25/"
                    }
                },
                {
                    "level_learned_at": 0,
                    "move_learn_method": {
                        "name": "machine",
                        "url": "https://pokeapi.co/api/v2/move-learn-method/4/"
                    },
                    "order": null,
                    "version_group": {
                        "name": "scarlet-violet",
                        "url": "https://pokeapi.co/api/v2/version-group/25/"
                    }
                }
            ]
        },
        {
            "move": {
                "name": "rock-smash",
                "url": "https://pokeapi.co/api/v2/move/249/"
            },
            "version_group_details": [
                {
                    "level_learned_at": 0,
                    "move_learn_method": {
                        "name": "tutor",
                        "url": "https://pokeapi.co/api/v2/move-learn-method/3/"
                    },
                    "order": null,
                    "version_group": {
                        "name": "legends-arceus",
                        "url": "https://pokeapi.co/api/v2/version-group/24/"
                    }
                }
            ]
        },
        {
            "move": {
                "name": "facade",
                "url": "https://pokeapi.co/api/v2/move/263/"
            },
            "version_group_details": [
                {
                    "level_learned_at": 0,
                    "move_learn_method": {
                        "name": "machine",
                        "url": "https://pokeapi.co/api/v2/move-learn-method/4/"
                    },
                    "order": null,
                    "version_group": {
                        "name": "scarlet-violet",
                        "url": "https://pokeapi.co/api/v2/version-group/25/"
                    }
                }
            ]
        },
        {
            "move": {
                "name": "ice-ball",
                "url": "https://pokeapi.co/api/v2/move/301/"
            },
            "version_group_details": [
                {
                    "level_learned_at": 0,
                    "move_learn_method": {
                        "name": "tutor",
                        "url": "https://pokeapi.co/api/v2/move-learn-method/3/"
                    },
                    "order": null,
                    "version_group": {
                        "name": "legends-arceus",
                        "url": "https://pokeapi.co/api/v2/version-group/24/"
                    }
                }
            ]
        },
        {
            "move": {
                "name": "rock-tomb",
                "url": "https://pokeapi.co/api/v2/move/317/"
            },
            "version_group_details": [
                {
                    "level_learned_at": 0,
                    "move_learn_method": {
                        "name": "machine",
                        "url": "https://pokeapi.co/api/v2/move-learn-method/4/"
                    },
                    "order": null,
                    "version_group": {
                        "name": "scarlet-violet",
                        "url": "https://pokeapi.co/api/v2/version-group/25/"
                    }
                }
            ]
        },
        {
            "move": {
                "name": "icicle-spear",
                "url": "https://pokeapi.co/api/v2/move/333/"
            },
            "version_group_details": [
                {
                    "level_learned_at": 0,
                    "move_learn_method": {
                        "name": "machine",
                        "url": "https://pokeapi.co/api/v2/move-learn-method/4/"
                    },
                    "order": null,
                    "version_group": {
                        "name": "scarlet-violet",
                        "url": "https://pokeapi.co/api/v2/version-group/25/"
                    }
                }
            ]
        },
        {
            "move": {
                "name": "iron-defense",
                "url": "https://pokeapi.co/api/v2/move/334/"
            },
            "version_group_details": [
                {
                    "level_learned_at": 21,
                    "move_learn_method": {
                        "name": "level-up",
                        "url": "https://pokeapi.co/api/v2/move-learn-method/1/"
                    },
                    "order": null,
                    "version_group": {
                        "name": "legends-arceus",
                        "url": "https://pokeapi.co/api/v2/version-group/24/"
                    }
                },
                {
                    "level_learned_at": 27,
                    "move_learn_method": {
                        "name": "level-up",
                        "url": "https://pokeapi.co/api/v2/move-learn-method/1/"
                    },
                    "order": null,
                    "version_group": {
                        "name": "scarlet-violet",
                        "url": "https://pokeapi.co/api/v2/version-group/25/"
                    }
                },
                {
                    "level_learned_at": 0,
                    "move_learn_method": {
                        "name": "machine",
                        "url": "https://pokeapi.co/api/v2/move-learn-method/4/"
                    },
                    "order": null,
                    "version_group": {
                        "name": "scarlet-violet",
                        "url": "https://pokeapi.co/api/v2/version-group/25/"
                    }
                }
            ]
        },
        {
            "move": {
                "name": "rock-blast",
                "url": "https://pokeapi.co/api/v2/move/350/"
            },
            "version_group_details": [
                {
                    "level_learned_at": 0,
                    "move_learn_method": {
                        "name": "machine",
                        "url": "https://pokeapi.co/api/v2/move-learn-method/4/"
                    },
                    "order": null,
                    "version_group": {
                        "name": "scarlet-violet",
                        "url": "https://pokeapi.co/api/v2/version-group/25/"
                    }
                }
            ]
        },
        {
            "move": {
                "name": "water-pulse",
                "url": "https://pokeapi.co/api/v2/move/352/"
            },
            "version_group_details": [
                {
                    "level_learned_at": 0,
                    "move_learn_method": {
                        "name": "tutor",
                        "url": "https://pokeapi.co/api/v2/move-learn-method/3/"
                    },
                    "order": null,
                    "version_group": {
                        "name": "legends-arceus",
                        "url": "https://pokeapi.co/api/v2/version-group/24/"
                    }
                }
            ]
        },
        {
            "move": {
                "name": "gyro-ball",
                "url": "https://pokeapi.co/api/v2/move/360/"
            },
            "version_group_details": [
                {
                    "level_learned_at": 0,
                    "move_learn_method": {
                        "name": "machine",
                        "url": "https://pokeapi.co/api/v2/move-learn-method/4/"
                    },
                    "order": null,
                    "version_group": {
                        "name": "scarlet-violet",
                        "url": "https://pokeapi.co/api/v2/version-group/25/"
                    }
                }
            ]
        },
        {
            "move": {
                "name": "earth-power",
                "url": "https://pokeapi.co/api/v2/move/414/"
            },
            "version_group_details": [
                {
                    "level_learned_at": 29,
                    "move_learn_method": {
                        "name": "level-up",
                        "url": "https://pokeapi.co/api/v2/move-learn-method/1/"
                    },
                    "order": null,
                    "version_group": {
                        "name": "legends-arceus",
                        "url": "https://pokeapi.co/api/v2/version-group/24/"
                    }
                },
                {
                    "level_learned_at": 0,
                    "move_learn_method": {
                        "name": "tutor",
                        "url": "https://pokeapi.co/api/v2/move-learn-method/3/"
                    },
                    "order": null,
                    "version_group": {
                        "name": "legends-arceus",
                        "url": "https://pokeapi.co/api/v2/version-group/24/"
                    }
                }
            ]
        },
        {
            "move": {
                "name": "giga-impact",
                "url": "https://pokeapi.co/api/v2/move/416/"
            },
            "version_group_details": [
                {
                    "level_learned_at": 0,
                    "move_learn_method": {
                        "name": "tutor",
                        "url": "https://pokeapi.co/api/v2/move-learn-method/3/"
                    },
                    "order": null,
                    "version_group": {
                        "name": "legends-arceus",
                        "url": "https://pokeapi.co/api/v2/version-group/24/"
                    }
                },
                {
                    "level_learned_at": 0,
                    "move_learn_method": {
                        "name": "machine",
                        "url": "https://pokeapi.co/api/v2/move-learn-method/4/"
                    },
                    "order": null,
                    "version_group": {
                        "name": "scarlet-violet",
                        "url": "https://pokeapi.co/api/v2/version-group/25/"
                    }
                }
            ]
        },
        {
            "move": {
                "name": "avalanche",
                "url": "https://pokeapi.co/api/v2/move/419/"
            },
            "version_group_details": [
                {
                    "level_learned_at": 18,
                    "move_learn_method": {
                        "name": "level-up",
                        "url": "https://pokeapi.co/api/v2/move-learn-method/1/"
                    },
                    "order": null,
                    "version_group": {
                        "name": "scarlet-violet",
                        "url": "https://pokeapi.co/api/v2/version-group/25/"
                    }
                },
                {
                    "level_learned_at": 0,
                    "move_learn_method": {
                        "name": "machine",
                        "url": "https://pokeapi.co/api/v2/move-learn-method/4/"
                    },
                    "order": null,
                    "version_group": {
                        "name": "scarlet-violet",
                        "url": "https://pokeapi.co/api/v2/version-group/25/"
                    }
                }
            ]
        },
        {
            "move": {
                "name": "ice-shard",
                "url": "https://pokeapi.co/api/v2/move/420/"
            },
            "version_group_details": [
                {
                    "level_learned_at": 9,
                    "move_learn_method": {
                        "name": "level-up",
                        "url": "https://pokeapi.co/api/v2/move-learn-method/1/"
                    },
                    "order": null,
                    "version_group": {
                        "name": "legends-arceus",
                        "url": "https://pokeapi.co/api/v2/version-group/24/"
                    }
                }
            ]
        },
        {
            "move": {
                "name": "ice-fang",
                "url": "https://pokeapi.co/api/v2/move/423/"
            },
            "version_group_details": [
                {
                    "level_learned_at": 0,
                    "move_learn_method": {
                        "name": "tutor",
                        "url": "https://pokeapi.co/api/v2/move-learn-method/3/"
                    },
                    "order": null,
                    "version_group": {
                        "name": "legends-arceus",
                        "url": "https://pokeapi.co/api/v2/version-group/24/"
                    }
                },
                {
                    "level_learned_at": 24,
                    "move_learn_method": {
                        "name": "level-up",
                        "url": "https://pokeapi.co/api/v2/move-learn-method/1/"
                    },
                    "order": null,
                    "version_group": {
                        "name": "scarlet-violet",
                        "url": "https://pokeapi.co/api/v2/version-group/25/"
                    }
                },
                {
                    "level_learned_at": 0,
                    "move_learn_method": {
                        "name": "machine",
                        "url": "https://pokeapi.co/api/v2/move-learn-method/4/"
                    },
                    "order": null,
                    "version_group": {
                        "name": "scarlet-violet",
                        "url": "https://pokeapi.co/api/v2/version-group/25/"
                    }
                }
            ]
        },
        {
            "move": {
                "name": "flash-cannon",
                "url": "https://pokeapi.co/api/v2/move/430/"
            },
            "version_group_details": [
                {
                    "level_learned_at": 0,
                    "move_learn_method": {
                        "name": "tutor",
                        "url": "https://pokeapi.co/api/v2/move-learn-method/3/"
                    },
                    "order": null,
                    "version_group": {
                        "name": "legends-arceus",
                        "url": "https://pokeapi.co/api/v2/version-group/24/"
                    }
                }
            ]
        },
        {
            "move": {
                "name": "iron-head",
                "url": "https://pokeapi.co/api/v2/move/442/"
            },
            "version_group_details": [
                {
                    "level_learned_at": 0,
                    "move_learn_method": {
                        "name": "tutor",
                        "url": "https://pokeapi.co/api/v2/move-learn-method/3/"
                    },
                    "order": null,
                    "version_group": {
                        "name": "legends-arceus",
                        "url": "https://pokeapi.co/api/v2/version-group/24/"
                    }
                },
                {
                    "level_learned_at": 0,
                    "move_learn_method": {
                        "name": "machine",
                        "url": "https://pokeapi.co/api/v2/move-learn-method/4/"
                    },
                    "order": null,
                    "version_group": {
                        "name": "scarlet-violet",
                        "url": "https://pokeapi.co/api/v2/version-group/25/"
                    }
                }
            ]
        },
        {
            "move": {
                "name": "stone-edge",
                "url": "https://pokeapi.co/api/v2/move/444/"
            },
            "version_group_details": [
                {
                    "level_learned_at": 0,
                    "move_learn_method": {
                        "name": "tutor",
                        "url": "https://pokeapi.co/api/v2/move-learn-method/3/"
                    },
                    "order": null,
                    "version_group": {
                        "name": "legends-arceus",
                        "url": "https://pokeapi.co/api/v2/version-group/24/"
                    }
                },
                {
                    "level_learned_at": 51,
                    "move_learn_method": {
                        "name": "level-up",
                        "url": "https://pokeapi.co/api/v2/move-learn-method/1/"
                    },
                    "order": null,
                    "version_group": {
                        "name": "scarlet-violet",
                        "url": "https://pokeapi.co/api/v2/version-group/25/"
                    }
                },
                {
                    "level_learned_at": 0,
                    "move_learn_method": {
                        "name": "machine",
                        "url": "https://pokeapi.co/api/v2/move-learn-method/4/"
                    },
                    "order": null,
                    "version_group": {
                        "name": "scarlet-violet",
                        "url": "https://pokeapi.co/api/v2/version-group/25/"
                    }
                }
            ]
        },
        {
            "move": {
                "name": "stealth-rock",
                "url": "https://pokeapi.co/api/v2/move/446/"
            },
            "version_group_details": [
                {
                    "level_learned_at": 0,
                    "move_learn_method": {
                        "name": "tutor",
                        "url": "https://pokeapi.co/api/v2/move-learn-method/3/"
                    },
                    "order": null,
                    "version_group": {
                        "name": "legends-arceus",
                        "url": "https://pokeapi.co/api/v2/version-group/24/"
                    }
                },
                {
                    "level_learned_at": 0,
                    "move_learn_method": {
                        "name": "machine",
                        "url": "https://pokeapi.co/api/v2/move-learn-method/4/"
                    },
                    "order": null,
                    "version_group": {
                        "name": "scarlet-violet",
                        "url": "https://pokeapi.co/api/v2/version-group/25/"
                    }
                }
            ]
        },
        {
            "move": {
                "name": "wide-guard",
                "url": "https://pokeapi.co/api/v2/move/469/"
            },
            "version_group_details": [
                {
                    "level_learned_at": 1,
                    "move_learn_method": {
                        "name": "level-up",
                        "url": "https://pokeapi.co/api/v2/move-learn-method/1/"
                    },
                    "order": 3,
                    "version_group": {
                        "name": "scarlet-violet",
                        "url": "https://pokeapi.co/api/v2/version-group/25/"
                    }
                }
            ]
        },
        {
            "move": {
                "name": "heavy-slam",
                "url": "https://pokeapi.co/api/v2/move/484/"
            },
            "version_group_details": [
                {
                    "level_learned_at": 0,
                    "move_learn_method": {
                        "name": "machine",
                        "url": "https://pokeapi.co/api/v2/move-learn-method/4/"
                    },
                    "order": null,
                    "version_group": {
                        "name": "scarlet-violet",
                        "url": "https://pokeapi.co/api/v2/version-group/25/"
                    }
                }
            ]
        },
        {
            "move": {
                "name": "bulldoze",
                "url": "https://pokeapi.co/api/v2/move/523/"
            },
            "version_group_details": [
                {
                    "level_learned_at": 0,
                    "move_learn_method": {
                        "name": "tutor",
                        "url": "https://pokeapi.co/api/v2/move-learn-method/3/"
                    },
                    "order": null,
                    "version_group": {
                        "name": "legends-arceus",
                        "url": "https://pokeapi.co/api/v2/version-group/24/"
                    }
                },
                {
                    "level_learned_at": 0,
                    "move_learn_method": {
                        "name": "machine",
                        "url": "https://pokeapi.co/api/v2/move-learn-method/4/"
                    },
                    "order": null,
                    "version_group": {
                        "name": "scarlet-violet",
                        "url": "https://pokeapi.co/api/v2/version-group/25/"
                    }
                }
            ]
        },
        {
            "move": {
                "name": "high-horsepower",
                "url": "https://pokeapi.co/api/v2/move/667/"
            },
            "version_group_details": [
                {
                    "level_learned_at": 0,
                    "move_learn_method": {
                        "name": "tutor",
                        "url": "https://pokeapi.co/api/v2/move-learn-method/3/"
                    },
                    "order": null,
                    "version_group": {
                        "name": "legends-arceus",
                        "url": "https://pokeapi.co/api/v2/version-group/24/"
                    }
                },
                {
                    "level_learned_at": 0,
                    "move_learn_method": {
                        "name": "machine",
                        "url": "https://pokeapi.co/api/v2/move-learn-method/4/"
                    },
                    "order": null,
                    "version_group": {
                        "name": "scarlet-violet",
                        "url": "https://pokeapi.co/api/v2/version-group/25/"
                    }
                }
            ]
        },
        {
            "move": {
                "name": "stomping-tantrum",
                "url": "https://pokeapi.co/api/v2/move/707/"
            },
            "version_group_details": [
                {
                    "level_learned_at": 0,
                    "move_learn_method": {
                        "name": "machine",
                        "url": "https://pokeapi.co/api/v2/move-learn-method/4/"
                    },
                    "order": null,
                    "version_group": {
                        "name": "scarlet-violet",
                        "url": "https://pokeapi.co/api/v2/version-group/25/"
                    }
                }
            ]
        },
        {
            "move": {
                "name": "body-press",
                "url": "https://pokeapi.co/api/v2/move/776/"
            },
            "version_group_details": [
                {
                    "level_learned_at": 0,
                    "move_learn_method": {
                        "name": "machine",
                        "url": "https://pokeapi.co/api/v2/move-learn-method/4/"
                    },
                    "order": null,
                    "version_group": {
                        "name": "scarlet-violet",
                        "url": "https://pokeapi.co/api/v2/version-group/25/"
                    }
                }
            ]
        },
        {
            "move": {
                "name": "meteor-beam",
                "url": "https://pokeapi.co/api/v2/move/800/"
            },
            "version_group_details": [
                {
                    "level_learned_at": 0,
                    "move_learn_method": {
                        "name": "machine",
                        "url": "https://pokeapi.co/api/v2/move-learn-method/4/"
                    },
                    "order": null,
                    "version_group": {
                        "name": "scarlet-violet",
                        "url": "https://pokeapi.co/api/v2/version-group/25/"
                    }
                }
            ]
        },
        {
            "move": {
                "name": "power-shift",
                "url": "https://pokeapi.co/api/v2/move/829/"
            },
            "version_group_details": [
                {
                    "level_learned_at": 0,
                    "move_learn_method": {
                        "name": "tutor",
                        "url": "https://pokeapi.co/api/v2/move-learn-method/3/"
                    },
                    "order": null,
                    "version_group": {
                        "name": "legends-arceus",
                        "url": "https://pokeapi.co/api/v2/version-group/24/"
                    }
                }
            ]
        },
        {
            "move": {
                "name": "mountain-gale",
                "url": "https://pokeapi.co/api/v2/move/836/"
            },
            "version_group_details": [
                {
                    "level_learned_at": 37,
                    "move_learn_method": {
                        "name": "level-up",
                        "url": "https://pokeapi.co/api/v2/move-learn-method/1/"
                    },
                    "order": null,
                    "version_group": {
                        "name": "legends-arceus",
                        "url": "https://pokeapi.co/api/v2/version-group/24/"
                    }
                },
                {
                    "level_learned_at": 61,
                    "move_learn_method": {
                        "name": "level-up",
                        "url": "https://pokeapi.co/api/v2/move-learn-method/1/"
                    },
                    "order": null,
                    "version_group": {
                        "name": "scarlet-violet",
                        "url": "https://pokeapi.co/api/v2/version-group/25/"
                    }
                }
            ]
        },
        {
            "move": {
                "name": "tera-blast",
                "url": "https://pokeapi.co/api/v2/move/851/"
            },
            "version_group_details": [
                {
                    "level_learned_at": 0,
                    "move_learn_method": {
                        "name": "machine",
                        "url": "https://pokeapi.co/api/v2/move-learn-method/4/"
                    },
                    "order": null,
                    "version_group": {
                        "name": "scarlet-violet",
                        "url": "https://pokeapi.co/api/v2/version-group/25/"
                    }
                }
            ]
        },
        {
            "move": {
                "name": "ice-spinner",
                "url": "https://pokeapi.co/api/v2/move/861/"
            },
            "version_group_details": [
                {
                    "level_learned_at": 0,
                    "move_learn_method": {
                        "name": "machine",
                        "url": "https://pokeapi.co/api/v2/move-learn-method/4/"
                    },
                    "order": null,
                    "version_group": {
                        "name": "scarlet-violet",
                        "url": "https://pokeapi.co/api/v2/version-group/25/"
                    }
                }
            ]
        },
        {
            "move": {
                "name": "snowscape",
                "url": "https://pokeapi.co/api/v2/move/883/"
            },
            "version_group_details": [
                {
                    "level_learned_at": 0,
                    "move_learn_method": {
                        "name": "machine",
                        "url": "https://pokeapi.co/api/v2/move-learn-method/4/"
                    },
                    "order": null,
                    "version_group": {
                        "name": "scarlet-violet",
                        "url": "https://pokeapi.co/api/v2/version-group/25/"
                    }
                }
            ]
        },
        {
            "move": {
                "name": "chilling-water",
                "url": "https://pokeapi.co/api/v2/move/886/"
            },
            "version_group_details": [
                {
                    "level_learned_at": 0,
                    "move_learn_method": {
                        "name": "machine",
                        "url": "https://pokeapi.co/api/v2/move-learn-method/4/"
                    },
                    "order": null,
                    "version_group": {
                        "name": "scarlet-violet",
                        "url": "https://pokeapi.co/api/v2/version-group/25/"
                    }
                }
            ]
        },
        {
            "move": {
                "name": "hard-press",
                "url": "https://pokeapi.co/api/v2/move/912/"
            },
            "version_group_details": [
                {
                    "level_learned_at": 0,
                    "move_learn_method": {
                        "name": "machine",
                        "url": "https://pokeapi.co/api/v2/move-learn-method/4/"
                    },
                    "order": null,
                    "version_group": {
                        "name": "scarlet-violet",
                        "url": "https://pokeapi.co/api/v2/version-group/25/"
                    }
                }
            ]
        }
    ],
    "name": "avalugg-hisui",
    "order": -1,
    "past_abilities": [],
    "past_types": [],
    "species": {
        "name": "avalugg",
        "url": "https://pokeapi.co/api/v2/pokemon-species/713/"
    },
    "sprites": {
        "back_default": null,
        "back_female": null,
        "back_shiny": null,
        "back_shiny_female": null,
        "front_default": "https://raw.githubusercontent.com/PokeAPI/sprites/master/sprites/pokemon/10243.png",
        "front_female": null,
        "front_shiny": "https://raw.githubusercontent.com/PokeAPI/sprites/master/sprites/pokemon/shiny/10243.png",
        "front_shiny_female": null,
        "other": {
            "dream_world": {
                "front_default": null,
                "front_female": null
            },
            "home": {
                "front_default": "https://raw.githubusercontent.com/PokeAPI/sprites/master/sprites/pokemon/other/home/10243.png",
                "front_female": null,
                "front_shiny": "https://raw.githubusercontent.com/PokeAPI/sprites/master/sprites/pokemon/other/home/shiny/10243.png",
                "front_shiny_female": null
            },
            "official-artwork": {
                "front_default": "https://raw.githubusercontent.com/PokeAPI/sprites/master/sprites/pokemon/other/official-artwork/10243.png",
                "front_shiny": "https://raw.githubusercontent.com/PokeAPI/sprites/master/sprites/pokemon/other/official-artwork/shiny/10243.png"
            },
            "showdown": {
                "back_default": "https://raw.githubusercontent.com/PokeAPI/sprites/master/sprites/pokemon/other/showdown/back/10243.gif",
                "back_female": null,
                "back_shiny": "https://raw.githubusercontent.com/PokeAPI/sprites/master/sprites/pokemon/other/showdown/back/shiny/10243.gif",
                "back_shiny_female": null,
                "front_default": "https://raw.githubusercontent.com/PokeAPI/sprites/master/sprites/pokemon/other/showdown/10243.gif",
                "front_female": null,
                "front_shiny": "https://raw.githubusercontent.com/PokeAPI/sprites/master/sprites/pokemon/other/showdown/shiny/10243.gif",
                "front_shiny_female": null
            }
        },
        "versions": {
            "generation-i": {
                "red-blue": {
                    "back_default": null,
                    "back_gray": null,
                    "back_transparent": null,
                    "front_default": null,
                    "front_gray": null,
                    "front_transparent": null
                },
                "yellow": {
                    "back_default": null,
                    "back_gray": null,
                    "back_transparent": null,
                    "front_default": null,
                    "front_gray": null,
                    "front_transparent": null
                }
            },
            "generation-ii": {
                "crystal": {
                    "back_default": null,
                    "back_shiny": null,
                    "back_shiny_transparent": null,
                    "back_transparent": null,
                    "front_default": null,
                    "front_shiny": null,
                    "front_shiny_transparent": null,
                    "front_transparent": null
                },
                "gold": {
                    "back_default": null,
                    "back_shiny": null,
                    "front_default": null,
                    "front_shiny": null,
                    "front_transparent": null
                },
                "silver": {
                    "back_default": null,
                    "back_shiny": null,
                    "front_default": null,
                    "front_shiny": null,
                    "front_transparent": null
                }
            },
            "generation-iii": {
                "emerald": {
                    "front_default": null,
                    "front_shiny": null
                },
                "firered-leafgreen": {
                    "back_default": null,
                    "back_shiny": null,
                    "front_default": null,
                    "front_shiny": null
                },
                "ruby-sapphire": {
                    "back_default": null,
                    "back_shiny": null,
                    "front_default": null,
                    "front_shiny": null
                }
            },
            "generation-iv": {
                "diamond-pearl": {
                    "back_default": null,
                    "back_female": null,
                    "back_shiny": null,
                    "back_shiny_female": null,
                    "front_default": null,
                    "front_female": null,
                    "front_shiny": null,
                    "front_shiny_female": null
                },
                "heartgold-soulsilver": {
                    "back_default": null,
                    "back_female": null,
                    "back_shiny": null,
                    "back_shiny_female": null,
                    "front_default": null,
                    "front_female": null,
                    "front_shiny": null,
                    "front_shiny_female": null
                },
                "platinum": {
                    "back_default": null,
                    "back_female": null,
                    "back_shiny": null,
                    "back_shiny_female": null,
                    "front_default": null,
                    "front_female": null,
                    "front_shiny": null,
                    "front_shiny_female": null
                }
            },
            "generation-v": {
                "black-white": {
                    "animated": {
                        "back_default": null,
                        "back_female": null,
                        "back_shiny": null,
                        "back_shiny_female": null,
                        "front_default": null,
                        "front_female": null,
                        "front_shiny": null,
                        "front_shiny_female": null
                    },
                    "back_default": null,
                    "back_female": null,
                    "back_shiny": null,
                    "back_shiny_female": null,
                    "front_default": null,
                    "front_female": null,
                    "front_shiny": null,
                    "front_shiny_female": null
                }
            },
            "generation-vi": {
                "omegaruby-alphasapphire": {
                    "front_default": null,
                    "front_female": null,
                    "front_shiny": null,
                    "front_shiny_female": null
                },
                "x-y": {
                    "front_default": null,
                    "front_female": null,
                    "front_shiny": null,
                    "front_shiny_female": null
                }
            },
            "generation-vii": {
                "icons": {
                    "front_default": null,
                    "front_female": null
                },
                "ultra-sun-ultra-moon": {
                    "front_default": null,
                    "front_female": null,
                    "front_shiny": null,
                    "front_shiny_female": null
                }
            },
            "generation-viii": {
                "icons": {
                    "front_default": null,
                    "front_female": null
                }
            }
        }
    },
    "stats": [
        {
            "base_stat": 95,
            "effort": 0,
            "stat": {
                "name": "hp",
                "url": "https://pokeapi.co/api/v2/stat/1/"
            }
        },
        {
            "base_stat": 127,
            "effort": 0,
            "stat": {
                "name": "attack",
                "url": "https://pokeapi.co/api/v2/stat/2/"
            }
        },
        {
            "base_stat": 184,
            "effort": 2,
            "stat": {
                "name": "defense",
                "url": "https://pokeapi.co/api/v2/stat/3/"
            }
        },
        {
            "base_stat": 34,
            "effort": 0,
            "stat": {
                "name": "special-attack",
                "url": "https://pokeapi.co/api/v2/stat/4/"
            }
        },
        {
            "base_stat": 36,
            "effort": 0,
            "stat": {
                "name": "special-defense",
                "url": "https://pokeapi.co/api/v2/stat/5/"
            }
        },
        {
            "base_stat": 38,
            "effort": 0,
            "stat": {
                "name": "speed",
                "url": "https://pokeapi.co/api/v2/stat/6/"
            }
        }
    ],
    "types": [
        {
            "slot": 1,
            "type": {
                "name": "ice",
                "url": "https://pokeapi.co/api/v2/type/15/"
            }
        },
        {
            "slot": 2,
            "type": {
                "name": "rock",
                "url": "https://pokeapi.co/api/v2/type/6/"
            }
        }
    ],
    "weight": 2624
}