{
    "abilities": [
        {
            "ability": {
                "name": "thermal-exchange",
                "url": "https://pokeapi.co/api/v2/ability/270/"
            },
            "is_hidden": false,
            "slot": 1
        },
        {
            "ability": {
                "name": "ice-body",
                "url": "https://pokeapi.co/api/v2/ability/115/"
            },
            "is_hidden": true,
            "slot": 3
        }
    ],
    "base_experience": 300,
    "cries": {
        "latest": "https://raw.githubusercontent.com/PokeAPI/cries/main/cries/pokemon/latest/998.ogg",
        "legacy": null
    },
    "forms": [
        {
            "name": "baxcalibur",
            "url": "https://pokeapi.co/api/v2/pokemon-form/998/"
        }
    ],
    "game_indices": [],
    "height": 21,
    "held_items": [],
    "id": 998,
    "is_default": true,
    "location_area_encounters": "https://pokeapi.co/api/v2/pokemon/998/encounters",
    "moves": [
        {
            "move": {
                "name": "swords-dance",
                "url": "https://pokeapi.co/api/v2/move/14/"
            },
            "version_group_details": [
                {
                    "level_learned_at": 0,
                    "move_learn_method": {
                        "name": "machine",
                        "url": "https://pokeapi.co/api/v2/move-learn-method/4/"
                    },
                    "order": null,
                    "version_group": {
                        "name": "scarlet-violet",
                        "url": "https://pokeapi.co/api/v2/version-group/25/"
                    }
                }
            ]
        },
        {
            "move": {
                "name": "tackle",
                "url": "https://pokeapi.co/api/v2/move/33/"
            },
            "version_group_details": [
                {
                    "level_learned_at": 1,
                    "move_learn_method": {
                        "name": "level-up",
                        "url": "https://pokeapi.co/api/v2/move-learn-method/1/"
                    },
                    "order": 5,
                    "version_group": {
                        "name": "scarlet-violet",
                        "url": "https://pokeapi.co/api/v2/version-group/25/"
                    }
                }
            ]
        },
        {
            "move": {
                "name": "body-slam",
                "url": "https://pokeapi.co/api/v2/move/34/"
            },
            "version_group_details": [
                {
                    "level_learned_at": 0,
                    "move_learn_method": {
                        "name": "machine",
                        "url": "https://pokeapi.co/api/v2/move-learn-method/4/"
                    },
                    "order": null,
                    "version_group": {
                        "name": "scarlet-violet",
                        "url": "https://pokeapi.co/api/v2/version-group/25/"
                    }
                }
            ]
        },
        {
            "move": {
                "name": "take-down",
                "url": "https://pokeapi.co/api/v2/move/36/"
            },
            "version_group_details": [
                {
                    "level_learned_at": 42,
                    "move_learn_method": {
                        "name": "level-up",
                        "url": "https://pokeapi.co/api/v2/move-learn-method/1/"
                    },
                    "order": null,
                    "version_group": {
                        "name": "scarlet-violet",
                        "url": "https://pokeapi.co/api/v2/version-group/25/"
                    }
                },
                {
                    "level_learned_at": 0,
                    "move_learn_method": {
                        "name": "machine",
                        "url": "https://pokeapi.co/api/v2/move-learn-method/4/"
                    },
                    "order": null,
                    "version_group": {
                        "name": "scarlet-violet",
                        "url": "https://pokeapi.co/api/v2/version-group/25/"
                    }
                }
            ]
        },
        {
            "move": {
                "name": "double-edge",
                "url": "https://pokeapi.co/api/v2/move/38/"
            },
            "version_group_details": [
                {
                    "level_learned_at": 0,
                    "move_learn_method": {
                        "name": "machine",
                        "url": "https://pokeapi.co/api/v2/move-learn-method/4/"
                    },
                    "order": null,
                    "version_group": {
                        "name": "scarlet-violet",
                        "url": "https://pokeapi.co/api/v2/version-group/25/"
                    }
                }
            ]
        },
        {
            "move": {
                "name": "leer",
                "url": "https://pokeapi.co/api/v2/move/43/"
            },
            "version_group_details": [
                {
                    "level_learned_at": 1,
                    "move_learn_method": {
                        "name": "level-up",
                        "url": "https://pokeapi.co/api/v2/move-learn-method/1/"
                    },
                    "order": 6,
                    "version_group": {
                        "name": "scarlet-violet",
                        "url": "https://pokeapi.co/api/v2/version-group/25/"
                    }
                }
            ]
        },
        {
            "move": {
                "name": "bite",
                "url": "https://pokeapi.co/api/v2/move/44/"
            },
            "version_group_details": [
                {
                    "level_learned_at": 24,
                    "move_learn_method": {
                        "name": "level-up",
                        "url": "https://pokeapi.co/api/v2/move-learn-method/1/"
                    },
                    "order": null,
                    "version_group": {
                        "name": "scarlet-violet",
                        "url": "https://pokeapi.co/api/v2/version-group/25/"
                    }
                }
            ]
        },
        {
            "move": {
                "name": "ice-beam",
                "url": "https://pokeapi.co/api/v2/move/58/"
            },
            "version_group_details": [
                {
                    "level_learned_at": 48,
                    "move_learn_method": {
                        "name": "level-up",
                        "url": "https://pokeapi.co/api/v2/move-learn-method/1/"
                    },
                    "order": null,
                    "version_group": {
                        "name": "scarlet-violet",
                        "url": "https://pokeapi.co/api/v2/version-group/25/"
                    }
                },
                {
                    "level_learned_at": 0,
                    "move_learn_method": {
                        "name": "machine",
                        "url": "https://pokeapi.co/api/v2/move-learn-method/4/"
                    },
                    "order": null,
                    "version_group": {
                        "name": "scarlet-violet",
                        "url": "https://pokeapi.co/api/v2/version-group/25/"
                    }
                }
            ]
        },
        {
            "move": {
                "name": "blizzard",
                "url": "https://pokeapi.co/api/v2/move/59/"
            },
            "version_group_details": [
                {
                    "level_learned_at": 0,
                    "move_learn_method": {
                        "name": "machine",
                        "url": "https://pokeapi.co/api/v2/move-learn-method/4/"
                    },
                    "order": null,
                    "version_group": {
                        "name": "scarlet-violet",
                        "url": "https://pokeapi.co/api/v2/version-group/25/"
                    }
                }
            ]
        },
        {
            "move": {
                "name": "hyper-beam",
                "url": "https://pokeapi.co/api/v2/move/63/"
            },
            "version_group_details": [
                {
                    "level_learned_at": 0,
                    "move_learn_method": {
                        "name": "machine",
                        "url": "https://pokeapi.co/api/v2/move-learn-method/4/"
                    },
                    "order": null,
                    "version_group": {
                        "name": "scarlet-violet",
                        "url": "https://pokeapi.co/api/v2/version-group/25/"
                    }
                }
            ]
        },
        {
            "move": {
                "name": "earthquake",
                "url": "https://pokeapi.co/api/v2/move/89/"
            },
            "version_group_details": [
                {
                    "level_learned_at": 0,
                    "move_learn_method": {
                        "name": "machine",
                        "url": "https://pokeapi.co/api/v2/move-learn-method/4/"
                    },
                    "order": null,
                    "version_group": {
                        "name": "scarlet-violet",
                        "url": "https://pokeapi.co/api/v2/version-group/25/"
                    }
                }
            ]
        },
        {
            "move": {
                "name": "dig",
                "url": "https://pokeapi.co/api/v2/move/91/"
            },
            "version_group_details": [
                {
                    "level_learned_at": 0,
                    "move_learn_method": {
                        "name": "machine",
                        "url": "https://pokeapi.co/api/v2/move-learn-method/4/"
                    },
                    "order": null,
                    "version_group": {
                        "name": "scarlet-violet",
                        "url": "https://pokeapi.co/api/v2/version-group/25/"
                    }
                }
            ]
        },
        {
            "move": {
                "name": "focus-energy",
                "url": "https://pokeapi.co/api/v2/move/116/"
            },
            "version_group_details": [
                {
                    "level_learned_at": 18,
                    "move_learn_method": {
                        "name": "level-up",
                        "url": "https://pokeapi.co/api/v2/move-learn-method/1/"
                    },
                    "order": null,
                    "version_group": {
                        "name": "scarlet-violet",
                        "url": "https://pokeapi.co/api/v2/version-group/25/"
                    }
                }
            ]
        },
        {
            "move": {
                "name": "rest",
                "url": "https://pokeapi.co/api/v2/move/156/"
            },
            "version_group_details": [
                {
                    "level_learned_at": 0,
                    "move_learn_method": {
                        "name": "machine",
                        "url": "https://pokeapi.co/api/v2/move-learn-method/4/"
                    },
                    "order": null,
                    "version_group": {
                        "name": "scarlet-violet",
                        "url": "https://pokeapi.co/api/v2/version-group/25/"
                    }
                }
            ]
        },
        {
            "move": {
                "name": "substitute",
                "url": "https://pokeapi.co/api/v2/move/164/"
            },
            "version_group_details": [
                {
                    "level_learned_at": 0,
                    "move_learn_method": {
                        "name": "machine",
                        "url": "https://pokeapi.co/api/v2/move-learn-method/4/"
                    },
                    "order": null,
                    "version_group": {
                        "name": "scarlet-violet",
                        "url": "https://pokeapi.co/api/v2/version-group/25/"
                    }
                }
            ]
        },
        {
            "move": {
                "name": "protect",
                "url": "https://pokeapi.co/api/v2/move/182/"
            },
            "version_group_details": [
                {
                    "level_learned_at": 0,
                    "move_learn_method": {
                        "name": "machine",
                        "url": "https://pokeapi.co/api/v2/move-learn-method/4/"
                    },
                    "order": null,
                    "version_group": {
                        "name": "scarlet-violet",
                        "url": "https://pokeapi.co/api/v2/version-group/25/"
                    }
                }
            ]
        },
        {
            "move": {
                "name": "scary-face",
                "url": "https://pokeapi.co/api/v2/move/184/"
            },
            "version_group_details": [
                {
                    "level_learned_at": 0,
                    "move_learn_method": {
                        "name": "machine",
                        "url": "https://pokeapi.co/api/v2/move-learn-method/4/"
                    },
                    "order": null,
                    "version_group": {
                        "name": "scarlet-violet",
                        "url": "https://pokeapi.co/api/v2/version-group/25/"
                    }
                }
            ]
        },
        {
            "move": {
                "name": "icy-wind",
                "url": "https://pokeapi.co/api/v2/move/196/"
            },
            "version_group_details": [
                {
                    "level_learned_at": 6,
                    "move_learn_method": {
                        "name": "level-up",
                        "url": "https://pokeapi.co/api/v2/move-learn-method/1/"
                    },
                    "order": null,
                    "version_group": {
                        "name": "scarlet-violet",
                        "url": "https://pokeapi.co/api/v2/version-group/25/"
                    }
                },
                {
                    "level_learned_at": 0,
                    "move_learn_method": {
                        "name": "machine",
                        "url": "https://pokeapi.co/api/v2/move-learn-method/4/"
                    },
                    "order": null,
                    "version_group": {
                        "name": "scarlet-violet",
                        "url": "https://pokeapi.co/api/v2/version-group/25/"
                    }
                }
            ]
        },
        {
            "move": {
                "name": "outrage",
                "url": "https://pokeapi.co/api/v2/move/200/"
            },
            "version_group_details": [
                {
                    "level_learned_at": 0,
                    "move_learn_method": {
                        "name": "machine",
                        "url": "https://pokeapi.co/api/v2/move-learn-method/4/"
                    },
                    "order": null,
                    "version_group": {
                        "name": "scarlet-violet",
                        "url": "https://pokeapi.co/api/v2/version-group/25/"
                    }
                }
            ]
        },
        {
            "move": {
                "name": "endure",
                "url": "https://pokeapi.co/api/v2/move/203/"
            },
            "version_group_details": [
                {
                    "level_learned_at": 0,
                    "move_learn_method": {
                        "name": "machine",
                        "url": "https://pokeapi.co/api/v2/move-learn-method/4/"
                    },
                    "order": null,
                    "version_group": {
                        "name": "scarlet-violet",
                        "url": "https://pokeapi.co/api/v2/version-group/25/"
                    }
                }
            ]
        },
        {
            "move": {
                "name": "false-swipe",
                "url": "https://pokeapi.co/api/v2/move/206/"
            },
            "version_group_details": [
                {
                    "level_learned_at": 0,
                    "move_learn_method": {
                        "name": "machine",
                        "url": "https://pokeapi.co/api/v2/move-learn-method/4/"
                    },
                    "order": null,
                    "version_group": {
                        "name": "scarlet-violet",
                        "url": "https://pokeapi.co/api/v2/version-group/25/"
                    }
                }
            ]
        },
        {
            "move": {
                "name": "sleep-talk",
                "url": "https://pokeapi.co/api/v2/move/214/"
            },
            "version_group_details": [
                {
                    "level_learned_at": 0,
                    "move_learn_method": {
                        "name": "machine",
                        "url": "https://pokeapi.co/api/v2/move-learn-method/4/"
                    },
                    "order": null,
                    "version_group": {
                        "name": "scarlet-violet",
                        "url": "https://pokeapi.co/api/v2/version-group/25/"
                    }
                }
            ]
        },
        {
            "move": {
                "name": "dragon-breath",
                "url": "https://pokeapi.co/api/v2/move/225/"
            },
            "version_group_details": [
                {
                    "level_learned_at": 12,
                    "move_learn_method": {
                        "name": "level-up",
                        "url": "https://pokeapi.co/api/v2/move-learn-method/1/"
                    },
                    "order": null,
                    "version_group": {
                        "name": "scarlet-violet",
                        "url": "https://pokeapi.co/api/v2/version-group/25/"
                    }
                }
            ]
        },
        {
            "move": {
                "name": "rain-dance",
                "url": "https://pokeapi.co/api/v2/move/240/"
            },
            "version_group_details": [
                {
                    "level_learned_at": 0,
                    "move_learn_method": {
                        "name": "machine",
                        "url": "https://pokeapi.co/api/v2/move-learn-method/4/"
                    },
                    "order": null,
                    "version_group": {
                        "name": "scarlet-violet",
                        "url": "https://pokeapi.co/api/v2/version-group/25/"
                    }
                }
            ]
        },
        {
            "move": {
                "name": "crunch",
                "url": "https://pokeapi.co/api/v2/move/242/"
            },
            "version_group_details": [
                {
                    "level_learned_at": 55,
                    "move_learn_method": {
                        "name": "level-up",
                        "url": "https://pokeapi.co/api/v2/move-learn-method/1/"
                    },
                    "order": null,
                    "version_group": {
                        "name": "scarlet-violet",
                        "url": "https://pokeapi.co/api/v2/version-group/25/"
                    }
                },
                {
                    "level_learned_at": 0,
                    "move_learn_method": {
                        "name": "machine",
                        "url": "https://pokeapi.co/api/v2/move-learn-method/4/"
                    },
                    "order": null,
                    "version_group": {
                        "name": "scarlet-violet",
                        "url": "https://pokeapi.co/api/v2/version-group/25/"
                    }
                }
            ]
        },
        {
            "move": {
                "name": "facade",
                "url": "https://pokeapi.co/api/v2/move/263/"
            },
            "version_group_details": [
                {
                    "level_learned_at": 0,
                    "move_learn_method": {
                        "name": "machine",
                        "url": "https://pokeapi.co/api/v2/move-learn-method/4/"
                    },
                    "order": null,
                    "version_group": {
                        "name": "scarlet-violet",
                        "url": "https://pokeapi.co/api/v2/version-group/25/"
                    }
                }
            ]
        },
        {
            "move": {
                "name": "helping-hand",
                "url": "https://pokeapi.co/api/v2/move/270/"
            },
            "version_group_details": [
                {
                    "level_learned_at": 0,
                    "move_learn_method": {
                        "name": "machine",
                        "url": "https://pokeapi.co/api/v2/move-learn-method/4/"
                    },
                    "order": null,
                    "version_group": {
                        "name": "scarlet-violet",
                        "url": "https://pokeapi.co/api/v2/version-group/25/"
                    }
                }
            ]
        },
        {
            "move": {
                "name": "brick-break",
                "url": "https://pokeapi.co/api/v2/move/280/"
            },
            "version_group_details": [
                {
                    "level_learned_at": 0,
                    "move_learn_method": {
                        "name": "machine",
                        "url": "https://pokeapi.co/api/v2/move-learn-method/4/"
                    },
                    "order": null,
                    "version_group": {
                        "name": "scarlet-violet",
                        "url": "https://pokeapi.co/api/v2/version-group/25/"
                    }
                }
            ]
        },
        {
            "move": {
                "name": "aerial-ace",
                "url": "https://pokeapi.co/api/v2/move/332/"
            },
            "version_group_details": [
                {
                    "level_learned_at": 0,
                    "move_learn_method": {
                        "name": "machine",
                        "url": "https://pokeapi.co/api/v2/move-learn-method/4/"
                    },
                    "order": null,
                    "version_group": {
                        "name": "scarlet-violet",
                        "url": "https://pokeapi.co/api/v2/version-group/25/"
                    }
                }
            ]
        },
        {
            "move": {
                "name": "icicle-spear",
                "url": "https://pokeapi.co/api/v2/move/333/"
            },
            "version_group_details": [
                {
                    "level_learned_at": 0,
                    "move_learn_method": {
                        "name": "machine",
                        "url": "https://pokeapi.co/api/v2/move-learn-method/4/"
                    },
                    "order": null,
                    "version_group": {
                        "name": "scarlet-violet",
                        "url": "https://pokeapi.co/api/v2/version-group/25/"
                    }
                }
            ]
        },
        {
            "move": {
                "name": "dragon-claw",
                "url": "https://pokeapi.co/api/v2/move/337/"
            },
            "version_group_details": [
                {
                    "level_learned_at": 35,
                    "move_learn_method": {
                        "name": "level-up",
                        "url": "https://pokeapi.co/api/v2/move-learn-method/1/"
                    },
                    "order": null,
                    "version_group": {
                        "name": "scarlet-violet",
                        "url": "https://pokeapi.co/api/v2/version-group/25/"
                    }
                },
                {
                    "level_learned_at": 0,
                    "move_learn_method": {
                        "name": "machine",
                        "url": "https://pokeapi.co/api/v2/move-learn-method/4/"
                    },
                    "order": null,
                    "version_group": {
                        "name": "scarlet-violet",
                        "url": "https://pokeapi.co/api/v2/version-group/25/"
                    }
                }
            ]
        },
        {
            "move": {
                "name": "dragon-dance",
                "url": "https://pokeapi.co/api/v2/move/349/"
            },
            "version_group_details": [
                {
                    "level_learned_at": 0,
                    "move_learn_method": {
                        "name": "machine",
                        "url": "https://pokeapi.co/api/v2/move-learn-method/4/"
                    },
                    "order": null,
                    "version_group": {
                        "name": "scarlet-violet",
                        "url": "https://pokeapi.co/api/v2/version-group/25/"
                    }
                }
            ]
        },
        {
            "move": {
                "name": "dragon-pulse",
                "url": "https://pokeapi.co/api/v2/move/406/"
            },
            "version_group_details": [
                {
                    "level_learned_at": 0,
                    "move_learn_method": {
                        "name": "machine",
                        "url": "https://pokeapi.co/api/v2/move-learn-method/4/"
                    },
                    "order": null,
                    "version_group": {
                        "name": "scarlet-violet",
                        "url": "https://pokeapi.co/api/v2/version-group/25/"
                    }
                }
            ]
        },
        {
            "move": {
                "name": "giga-impact",
                "url": "https://pokeapi.co/api/v2/move/416/"
            },
            "version_group_details": [
                {
                    "level_learned_at": 0,
                    "move_learn_method": {
                        "name": "machine",
                        "url": "https://pokeapi.co/api/v2/move-learn-method/4/"
                    },
                    "order": null,
                    "version_group": {
                        "name": "scarlet-violet",
                        "url": "https://pokeapi.co/api/v2/version-group/25/"
                    }
                }
            ]
        },
        {
            "move": {
                "name": "avalanche",
                "url": "https://pokeapi.co/api/v2/move/419/"
            },
            "version_group_details": [
                {
                    "level_learned_at": 0,
                    "move_learn_method": {
                        "name": "machine",
                        "url": "https://pokeapi.co/api/v2/move-learn-method/4/"
                    },
                    "order": null,
                    "version_group": {
                        "name": "scarlet-violet",
                        "url": "https://pokeapi.co/api/v2/version-group/25/"
                    }
                }
            ]
        },
        {
            "move": {
                "name": "ice-shard",
                "url": "https://pokeapi.co/api/v2/move/420/"
            },
            "version_group_details": [
                {
                    "level_learned_at": 1,
                    "move_learn_method": {
                        "name": "level-up",
                        "url": "https://pokeapi.co/api/v2/move-learn-method/1/"
                    },
                    "order": 4,
                    "version_group": {
                        "name": "scarlet-violet",
                        "url": "https://pokeapi.co/api/v2/version-group/25/"
                    }
                }
            ]
        },
        {
            "move": {
                "name": "thunder-fang",
                "url": "https://pokeapi.co/api/v2/move/422/"
            },
            "version_group_details": [
                {
                    "level_learned_at": 0,
                    "move_learn_method": {
                        "name": "machine",
                        "url": "https://pokeapi.co/api/v2/move-learn-method/4/"
                    },
                    "order": null,
                    "version_group": {
                        "name": "scarlet-violet",
                        "url": "https://pokeapi.co/api/v2/version-group/25/"
                    }
                }
            ]
        },
        {
            "move": {
                "name": "ice-fang",
                "url": "https://pokeapi.co/api/v2/move/423/"
            },
            "version_group_details": [
                {
                    "level_learned_at": 29,
                    "move_learn_method": {
                        "name": "level-up",
                        "url": "https://pokeapi.co/api/v2/move-learn-method/1/"
                    },
                    "order": null,
                    "version_group": {
                        "name": "scarlet-violet",
                        "url": "https://pokeapi.co/api/v2/version-group/25/"
                    }
                },
                {
                    "level_learned_at": 0,
                    "move_learn_method": {
                        "name": "machine",
                        "url": "https://pokeapi.co/api/v2/move-learn-method/4/"
                    },
                    "order": null,
                    "version_group": {
                        "name": "scarlet-violet",
                        "url": "https://pokeapi.co/api/v2/version-group/25/"
                    }
                }
            ]
        },
        {
            "move": {
                "name": "zen-headbutt",
                "url": "https://pokeapi.co/api/v2/move/428/"
            },
            "version_group_details": [
                {
                    "level_learned_at": 0,
                    "move_learn_method": {
                        "name": "machine",
                        "url": "https://pokeapi.co/api/v2/move-learn-method/4/"
                    },
                    "order": null,
                    "version_group": {
                        "name": "scarlet-violet",
                        "url": "https://pokeapi.co/api/v2/version-group/25/"
                    }
                }
            ]
        },
        {
            "move": {
                "name": "draco-meteor",
                "url": "https://pokeapi.co/api/v2/move/434/"
            },
            "version_group_details": [
                {
                    "level_learned_at": 0,
                    "move_learn_method": {
                        "name": "machine",
                        "url": "https://pokeapi.co/api/v2/move-learn-method/4/"
                    },
                    "order": null,
                    "version_group": {
                        "name": "scarlet-violet",
                        "url": "https://pokeapi.co/api/v2/version-group/25/"
                    }
                }
            ]
        },
        {
            "move": {
                "name": "iron-head",
                "url": "https://pokeapi.co/api/v2/move/442/"
            },
            "version_group_details": [
                {
                    "level_learned_at": 0,
                    "move_learn_method": {
                        "name": "machine",
                        "url": "https://pokeapi.co/api/v2/move-learn-method/4/"
                    },
                    "order": null,
                    "version_group": {
                        "name": "scarlet-violet",
                        "url": "https://pokeapi.co/api/v2/version-group/25/"
                    }
                }
            ]
        },
        {
            "move": {
                "name": "bulldoze",
                "url": "https://pokeapi.co/api/v2/move/523/"
            },
            "version_group_details": [
                {
                    "level_learned_at": 0,
                    "move_learn_method": {
                        "name": "machine",
                        "url": "https://pokeapi.co/api/v2/move-learn-method/4/"
                    },
                    "order": null,
                    "version_group": {
                        "name": "scarlet-violet",
                        "url": "https://pokeapi.co/api/v2/version-group/25/"
                    }
                }
            ]
        },
        {
            "move": {
                "name": "dragon-tail",
                "url": "https://pokeapi.co/api/v2/move/525/"
            },
            "version_group_details": [
                {
                    "level_learned_at": 1,
                    "move_learn_method": {
                        "name": "level-up",
                        "url": "https://pokeapi.co/api/v2/move-learn-method/1/"
                    },
                    "order": 3,
                    "version_group": {
                        "name": "scarlet-violet",
                        "url": "https://pokeapi.co/api/v2/version-group/25/"
                    }
                },
                {
                    "level_learned_at": 0,
                    "move_learn_method": {
                        "name": "machine",
                        "url": "https://pokeapi.co/api/v2/move-learn-method/4/"
                    },
                    "order": null,
                    "version_group": {
                        "name": "scarlet-violet",
                        "url": "https://pokeapi.co/api/v2/version-group/25/"
                    }
                }
            ]
        },
        {
            "move": {
                "name": "icicle-crash",
                "url": "https://pokeapi.co/api/v2/move/556/"
            },
            "version_group_details": [
                {
                    "level_learned_at": 62,
                    "move_learn_method": {
                        "name": "level-up",
                        "url": "https://pokeapi.co/api/v2/move-learn-method/1/"
                    },
                    "order": null,
                    "version_group": {
                        "name": "scarlet-violet",
                        "url": "https://pokeapi.co/api/v2/version-group/25/"
                    }
                }
            ]
        },
        {
            "move": {
                "name": "high-horsepower",
                "url": "https://pokeapi.co/api/v2/move/667/"
            },
            "version_group_details": [
                {
                    "level_learned_at": 0,
                    "move_learn_method": {
                        "name": "machine",
                        "url": "https://pokeapi.co/api/v2/move-learn-method/4/"
                    },
                    "order": null,
                    "version_group": {
                        "name": "scarlet-violet",
                        "url": "https://pokeapi.co/api/v2/version-group/25/"
                    }
                }
            ]
        },
        {
            "move": {
                "name": "stomping-tantrum",
                "url": "https://pokeapi.co/api/v2/move/707/"
            },
            "version_group_details": [
                {
                    "level_learned_at": 0,
                    "move_learn_method": {
                        "name": "machine",
                        "url": "https://pokeapi.co/api/v2/move-learn-method/4/"
                    },
                    "order": null,
                    "version_group": {
                        "name": "scarlet-violet",
                        "url": "https://pokeapi.co/api/v2/version-group/25/"
                    }
                }
            ]
        },
        {
            "move": {
                "name": "body-press",
                "url": "https://pokeapi.co/api/v2/move/776/"
            },
            "version_group_details": [
                {
                    "level_learned_at": 0,
                    "move_learn_method": {
                        "name": "machine",
                        "url": "https://pokeapi.co/api/v2/move-learn-method/4/"
                    },
                    "order": null,
                    "version_group": {
                        "name": "scarlet-violet",
                        "url": "https://pokeapi.co/api/v2/version-group/25/"
                    }
                }
            ]
        },
        {
            "move": {
                "name": "breaking-swipe",
                "url": "https://pokeapi.co/api/v2/move/784/"
            },
            "version_group_details": [
                {
                    "level_learned_at": 1,
                    "move_learn_method": {
                        "name": "level-up",
                        "url": "https://pokeapi.co/api/v2/move-learn-method/1/"
                    },
                    "order": 2,
                    "version_group": {
                        "name": "scarlet-violet",
                        "url": "https://pokeapi.co/api/v2/version-group/25/"
                    }
                },
                {
                    "level_learned_at": 0,
                    "move_learn_method": {
                        "name": "machine",
                        "url": "https://pokeapi.co/api/v2/move-learn-method/4/"
                    },
                    "order": null,
                    "version_group": {
                        "name": "scarlet-violet",
                        "url": "https://pokeapi.co/api/v2/version-group/25/"
                    }
                }
            ]
        },
        {
            "move": {
                "name": "scale-shot",
                "url": "https://pokeapi.co/api/v2/move/799/"
            },
            "version_group_details": [
                {
                    "level_learned_at": 0,
                    "move_learn_method": {
                        "name": "machine",
                        "url": "https://pokeapi.co/api/v2/move-learn-method/4/"
                    },
                    "order": null,
                    "version_group": {
                        "name": "scarlet-violet",
                        "url": "https://pokeapi.co/api/v2/version-group/25/"
                    }
                }
            ]
        },
        {
            "move": {
                "name": "tera-blast",
                "url": "https://pokeapi.co/api/v2/move/851/"
            },
            "version_group_details": [
                {
                    "level_learned_at": 0,
                    "move_learn_method": {
                        "name": "machine",
                        "url": "https://pokeapi.co/api/v2/move-learn-method/4/"
                    },
                    "order": null,
                    "version_group": {
                        "name": "scarlet-violet",
                        "url": "https://pokeapi.co/api/v2/version-group/25/"
                    }
                }
            ]
        },
        {
            "move": {
                "name": "glaive-rush",
                "url": "https://pokeapi.co/api/v2/move/862/"
            },
            "version_group_details": [
                {
                    "level_learned_at": 0,
                    "move_learn_method": {
                        "name": "level-up",
                        "url": "https://pokeapi.co/api/v2/move-learn-method/1/"
                    },
                    "order": null,
                    "version_group": {
                        "name": "scarlet-violet",
                        "url": "https://pokeapi.co/api/v2/version-group/25/"
                    }
                }
            ]
        },
        {
            "move": {
                "name": "snowscape",
                "url": "https://pokeapi.co/api/v2/move/883/"
            },
            "version_group_details": [
                {
                    "level_learned_at": 1,
                    "move_learn_method": {
                        "name": "level-up",
                        "url": "https://pokeapi.co/api/v2/move-learn-method/1/"
                    },
                    "order": 1,
                    "version_group": {
                        "name": "scarlet-violet",
                        "url": "https://pokeapi.co/api/v2/version-group/25/"
                    }
                },
                {
                    "level_learned_at": 0,
                    "move_learn_method": {
                        "name": "machine",
                        "url": "https://pokeapi.co/api/v2/move-learn-method/4/"
                    },
                    "order": null,
                    "version_group": {
                        "name": "scarlet-violet",
                        "url": "https://pokeapi.co/api/v2/version-group/25/"
                    }
                }
            ]
        },
        {
            "move": {
                "name": "dragon-cheer",
                "url": "https://pokeapi.co/api/v2/move/913/"
            },
            "version_group_details": [
                {
                    "level_learned_at": 0,
                    "move_learn_method": {
                        "name": "machine",
                        "url": "https://pokeapi.co/api/v2/move-learn-method/4/"
                    },
                    "order": null,
                    "version_group": {
                        "name": "scarlet-violet",
                        "url": "https://pokeapi.co/api/v2/version-group/25/"
                    }
                }
            ]
        }
    ],
    "name": "baxcalibur",
    "order": 951,
    "past_abilities": [],
    "past_types": [],
    "species": {
        "name": "baxcalibur",
        "url": "https://pokeapi.co/api/v2/pokemon-species/998/"
    },
    "sprites": {
        "back_default": null,
        "back_female": null,
        "back_shiny": null,
        "back_shiny_female": null,
        "front_default": "https://raw.githubusercontent.com/PokeAPI/sprites/master/sprites/pokemon/998.png",
        "front_female": null,
        "front_shiny": "https://raw.githubusercontent.com/PokeAPI/sprites/master/sprites/pokemon/shiny/998.png",
        "front_shiny_female": null,
        "other": {
            "dream_world": {
                "front_default": null,
                "front_female": null
            },
            "home": {
                "front_default": "https://raw.githubusercontent.com/PokeAPI/sprites/master/sprites/pokemon/other/home/998.png",
                "front_female": null,
                "front_shiny": "https://raw.githubusercontent.com/PokeAPI/sprites/master/sprites/pokemon/other/home/shiny/998.png",
                "front_shiny_female": null
            },
            "official-artwork": {
                "front_default": "https://raw.githubusercontent.com/PokeAPI/sprites/master/sprites/pokemon/other/official-artwork/998.png",
                "front_shiny": "https://raw.githubusercontent.com/PokeAPI/sprites/master/sprites/pokemon/other/official-artwork/shiny/998.png"
            },
            "showdown": {
                "back_default": null,
                "back_female": null,
                "back_shiny": null,
                "back_shiny_female": null,
                "front_default": null,
                "front_female": null,
                "front_shiny": null,
                "front_shiny_female": null
            }
        },
        "versions": {
            "generation-i": {
                "red-blue": {
                    "back_default": null,
                    "back_gray": null,
                    "back_transparent": null,
                    "front_default": null,
                    "front_gray": null,
                    "front_transparent": null
                },
                "yellow": {
                    "back_default": null,
                    "back_gray": null,
                    "back_transparent": null,
                    "front_default": null,
                    "front_gray": null,
                    "front_transparent": null
                }
            },
            "generation-ii": {
                "crystal": {
                    "back_default": null,
                    "back_shiny": null,
                    "back_shiny_transparent": null,
                    "back_transparent": null,
                    "front_default": null,
                    "front_shiny": null,
                    "front_shiny_transparent": null,
                    "front_transparent": null
                },
                "gold": {
                    "back_default": null,
                    "back_shiny": null,
                    "front_default": null,
                    "front_shiny": null,
                    "front_transparent": null
                },
                "silver": {
                    "back_default": null,
                    "back_shiny": null,
                    "front_default": null,
                    "front_shiny": null,
                    "front_transparent": null
                }
            },
            "generation-iii": {
                "emerald": {
                    "front_default": null,
                    "front_shiny": null
                },
                "firered-leafgreen": {
                    "back_default": null,
                    "back_shiny": null,
                    "front_default": null,
                    "front_shiny": null
                },
                "ruby-sapphire": {
                    "back_default": null,
                    "back_shiny": null,
                    "front_default": null,
                    "front_shiny": null
                }
            },
            "generation-iv": {
                "diamond-pearl": {
                    "back_default": null,
                    "back_female": null,
                    "back_shiny": null,
                    "back_shiny_female": null,
                    "front_default": null,
                    "front_female": null,
                    "front_shiny": null,
                    "front_shiny_female": null
                },
                "heartgold-soulsilver": {
                    "back_default": null,
                    "back_female": null,
                    "back_shiny": null,
                    "back_shiny_female": null,
                    "front_default": null,
                    "front_female": null,
                    "front_shiny": null,
                    "front_shiny_female": null
                },
                "platinum": {
                    "back_default": null,
                    "back_female": null,
                    "back_shiny": null,
                    "back_shiny_female": null,
                    "front_default": null,
                    "front_female": null,
                    "front_shiny": null,
                    "front_shiny_female": null
                }
            },
            "generation-v": {
                "black-white": {
                    "animated": {
                        "back_default": null,
                        "back_female": null,
                        "back_shiny": null,
                        "back_shiny_female": null,
                        "front_default": null,
                        "front_female": null,
                        "front_shiny": null,
                        "front_shiny_female": null
                    },
                    "back_default": null,
                    "back_female": null,
                    "back_shiny": null,
                    "back_shiny_female": null,
                    "front_default": null,
                    "front_female": null,
                    "front_shiny": null,
                    "front_shiny_female": null
                }
            },
            "generation-vi": {
                "omegaruby-alphasapphire": {
                    "front_default": null,
                    "front_female": null,
                    "front_shiny": null,
                    "front_shiny_female": null
                },
                "x-y": {
                    "front_default": null,
                    "front_female": null,
                    "front_shiny": null,
                    "front_shiny_female": null
                }
            },
            "generation-vii": {
                "icons": {
                    "front_default": null,
                    "front_female": null
                },
                "ultra-sun-ultra-moon": {
                    "front_default": null,
                    "front_female": null,
                    "front_shiny": null,
                    "front_shiny_female": null
                }
            },
            "generation-viii": {
                "icons": {
                    "front_default": null,
                    "front_female": null
                }
            }
        }
    },
    "stats": [
        {
            "base_stat": 115,
            "effort": 0,
            "stat": {
                "name": "hp",
                "url": "https://pokeapi.co/api/v2/stat/1/"
            }
        },
        {
            "base_stat": 145,
            "effort": 3,
            "stat": {
                "name": "attack",
                "url": "https://pokeapi.co/api/v2/stat/2/"
            }
        },
        {
            "base_stat": 92,
            "effort": 0,
            "stat": {
                "name": "defense",
                "url": "https://pokeapi.co/api/v2/stat/3/"
            }
        },
        {
            "base_stat": 75,
            "effort": 0,
            "stat": {
                "name": "special-attack",
                "url": "https://pokeapi.co/api/v2/stat/4/"
            }
        },
        {
            "base_stat": 86,
            "effort": 0,
            "stat": {
                "name": "special-defense",
                "url": "https://pokeapi.co/api/v2/stat/5/"
            }
        },
        {
            "base_stat": 87,
            "effort": 0,
            "stat": {
                "name": "speed",
                "url": "https://pokeapi.co/api/v2/stat/6/"
            }
        }
    ],
    "types": [
        {
            "slot": 1,
            "type": {
                "name": "dragon",
                "url": "https://pokeapi.co/api/v2/type/16/"
            }
        },
        {
            "slot": 2,
            "type": {
                "name": "ice",
                "url": "https://pokeapi.co/api/v2/type/15/"
            }
        }
    ],
    "weight": 2100
}