{
    "abilities": [
        {
            "ability": {
                "name": "beast-boost",
                "url": "https://pokeapi.co/api/v2/ability/224/"
            },
            "is_hidden": false,
            "slot": 1
        }
    ],
    "base_experience": 257,
    "cries": {
        "latest": "https://raw.githubusercontent.com/PokeAPI/cries/main/cries/pokemon/latest/806.ogg",
        "legacy": null
    },
    "forms": [
        {
            "name": "blacephalon",
            "url": "https://pokeapi.co/api/v2/pokemon-form/806/"
        }
    ],
    "game_indices": [],
    "height": 18,
    "held_items": [],
    "id": 806,
    "is_default": true,
    "location_area_encounters": "https://pokeapi.co/api/v2/pokemon/806/encounters",
    "moves": [
        {
            "move": {
                "name": "fire-punch",
                "url": "https://pokeapi.co/api/v2/move/7/"
            },
            "version_group_details": [
                {
                    "level_learned_at": 0,
                    "move_learn_method": {
                        "name": "machine",
                        "url": "https://pokeapi.co/api/v2/move-learn-method/4/"
                    },
                    "order": null,
                    "version_group": {
                        "name": "sword-shield",
                        "url": "https://pokeapi.co/api/v2/version-group/20/"
                    }
                }
            ]
        },
        {
            "move": {
                "name": "ember",
                "url": "https://pokeapi.co/api/v2/move/52/"
            },
            "version_group_details": [
                {
                    "level_learned_at": 1,
                    "move_learn_method": {
                        "name": "level-up",
                        "url": "https://pokeapi.co/api/v2/move-learn-method/1/"
                    },
                    "order": 1,
                    "version_group": {
                        "name": "ultra-sun-ultra-moon",
                        "url": "https://pokeapi.co/api/v2/version-group/18/"
                    }
                },
                {
                    "level_learned_at": 10,
                    "move_learn_method": {
                        "name": "level-up",
                        "url": "https://pokeapi.co/api/v2/move-learn-method/1/"
                    },
                    "order": null,
                    "version_group": {
                        "name": "sword-shield",
                        "url": "https://pokeapi.co/api/v2/version-group/20/"
                    }
                }
            ]
        },
        {
            "move": {
                "name": "flamethrower",
                "url": "https://pokeapi.co/api/v2/move/53/"
            },
            "version_group_details": [
                {
                    "level_learned_at": 0,
                    "move_learn_method": {
                        "name": "machine",
                        "url": "https://pokeapi.co/api/v2/move-learn-method/4/"
                    },
                    "order": null,
                    "version_group": {
                        "name": "ultra-sun-ultra-moon",
                        "url": "https://pokeapi.co/api/v2/version-group/18/"
                    }
                },
                {
                    "level_learned_at": 0,
                    "move_learn_method": {
                        "name": "machine",
                        "url": "https://pokeapi.co/api/v2/move-learn-method/4/"
                    },
                    "order": null,
                    "version_group": {
                        "name": "sword-shield",
                        "url": "https://pokeapi.co/api/v2/version-group/20/"
                    }
                }
            ]
        },
        {
            "move": {
                "name": "hyper-beam",
                "url": "https://pokeapi.co/api/v2/move/63/"
            },
            "version_group_details": [
                {
                    "level_learned_at": 0,
                    "move_learn_method": {
                        "name": "machine",
                        "url": "https://pokeapi.co/api/v2/move-learn-method/4/"
                    },
                    "order": null,
                    "version_group": {
                        "name": "ultra-sun-ultra-moon",
                        "url": "https://pokeapi.co/api/v2/version-group/18/"
                    }
                },
                {
                    "level_learned_at": 0,
                    "move_learn_method": {
                        "name": "machine",
                        "url": "https://pokeapi.co/api/v2/move-learn-method/4/"
                    },
                    "order": null,
                    "version_group": {
                        "name": "sword-shield",
                        "url": "https://pokeapi.co/api/v2/version-group/20/"
                    }
                }
            ]
        },
        {
            "move": {
                "name": "solar-beam",
                "url": "https://pokeapi.co/api/v2/move/76/"
            },
            "version_group_details": [
                {
                    "level_learned_at": 0,
                    "move_learn_method": {
                        "name": "machine",
                        "url": "https://pokeapi.co/api/v2/move-learn-method/4/"
                    },
                    "order": null,
                    "version_group": {
                        "name": "sword-shield",
                        "url": "https://pokeapi.co/api/v2/version-group/20/"
                    }
                }
            ]
        },
        {
            "move": {
                "name": "fire-spin",
                "url": "https://pokeapi.co/api/v2/move/83/"
            },
            "version_group_details": [
                {
                    "level_learned_at": 1,
                    "move_learn_method": {
                        "name": "level-up",
                        "url": "https://pokeapi.co/api/v2/move-learn-method/1/"
                    },
                    "order": 2,
                    "version_group": {
                        "name": "sword-shield",
                        "url": "https://pokeapi.co/api/v2/version-group/20/"
                    }
                },
                {
                    "level_learned_at": 0,
                    "move_learn_method": {
                        "name": "machine",
                        "url": "https://pokeapi.co/api/v2/move-learn-method/4/"
                    },
                    "order": null,
                    "version_group": {
                        "name": "sword-shield",
                        "url": "https://pokeapi.co/api/v2/version-group/20/"
                    }
                }
            ]
        },
        {
            "move": {
                "name": "toxic",
                "url": "https://pokeapi.co/api/v2/move/92/"
            },
            "version_group_details": [
                {
                    "level_learned_at": 0,
                    "move_learn_method": {
                        "name": "machine",
                        "url": "https://pokeapi.co/api/v2/move-learn-method/4/"
                    },
                    "order": null,
                    "version_group": {
                        "name": "ultra-sun-ultra-moon",
                        "url": "https://pokeapi.co/api/v2/version-group/18/"
                    }
                }
            ]
        },
        {
            "move": {
                "name": "psychic",
                "url": "https://pokeapi.co/api/v2/move/94/"
            },
            "version_group_details": [
                {
                    "level_learned_at": 0,
                    "move_learn_method": {
                        "name": "machine",
                        "url": "https://pokeapi.co/api/v2/move-learn-method/4/"
                    },
                    "order": null,
                    "version_group": {
                        "name": "ultra-sun-ultra-moon",
                        "url": "https://pokeapi.co/api/v2/version-group/18/"
                    }
                },
                {
                    "level_learned_at": 0,
                    "move_learn_method": {
                        "name": "machine",
                        "url": "https://pokeapi.co/api/v2/move-learn-method/4/"
                    },
                    "order": null,
                    "version_group": {
                        "name": "sword-shield",
                        "url": "https://pokeapi.co/api/v2/version-group/20/"
                    }
                }
            ]
        },
        {
            "move": {
                "name": "hypnosis",
                "url": "https://pokeapi.co/api/v2/move/95/"
            },
            "version_group_details": [
                {
                    "level_learned_at": 35,
                    "move_learn_method": {
                        "name": "level-up",
                        "url": "https://pokeapi.co/api/v2/move-learn-method/1/"
                    },
                    "order": null,
                    "version_group": {
                        "name": "sword-shield",
                        "url": "https://pokeapi.co/api/v2/version-group/20/"
                    }
                }
            ]
        },
        {
            "move": {
                "name": "night-shade",
                "url": "https://pokeapi.co/api/v2/move/101/"
            },
            "version_group_details": [
                {
                    "level_learned_at": 23,
                    "move_learn_method": {
                        "name": "level-up",
                        "url": "https://pokeapi.co/api/v2/move-learn-method/1/"
                    },
                    "order": null,
                    "version_group": {
                        "name": "ultra-sun-ultra-moon",
                        "url": "https://pokeapi.co/api/v2/version-group/18/"
                    }
                },
                {
                    "level_learned_at": 15,
                    "move_learn_method": {
                        "name": "level-up",
                        "url": "https://pokeapi.co/api/v2/move-learn-method/1/"
                    },
                    "order": null,
                    "version_group": {
                        "name": "sword-shield",
                        "url": "https://pokeapi.co/api/v2/version-group/20/"
                    }
                }
            ]
        },
        {
            "move": {
                "name": "double-team",
                "url": "https://pokeapi.co/api/v2/move/104/"
            },
            "version_group_details": [
                {
                    "level_learned_at": 0,
                    "move_learn_method": {
                        "name": "machine",
                        "url": "https://pokeapi.co/api/v2/move-learn-method/4/"
                    },
                    "order": null,
                    "version_group": {
                        "name": "ultra-sun-ultra-moon",
                        "url": "https://pokeapi.co/api/v2/version-group/18/"
                    }
                }
            ]
        },
        {
            "move": {
                "name": "confuse-ray",
                "url": "https://pokeapi.co/api/v2/move/109/"
            },
            "version_group_details": [
                {
                    "level_learned_at": 20,
                    "move_learn_method": {
                        "name": "level-up",
                        "url": "https://pokeapi.co/api/v2/move-learn-method/1/"
                    },
                    "order": null,
                    "version_group": {
                        "name": "sword-shield",
                        "url": "https://pokeapi.co/api/v2/version-group/20/"
                    }
                }
            ]
        },
        {
            "move": {
                "name": "light-screen",
                "url": "https://pokeapi.co/api/v2/move/113/"
            },
            "version_group_details": [
                {
                    "level_learned_at": 29,
                    "move_learn_method": {
                        "name": "level-up",
                        "url": "https://pokeapi.co/api/v2/move-learn-method/1/"
                    },
                    "order": null,
                    "version_group": {
                        "name": "ultra-sun-ultra-moon",
                        "url": "https://pokeapi.co/api/v2/version-group/18/"
                    }
                },
                {
                    "level_learned_at": 0,
                    "move_learn_method": {
                        "name": "machine",
                        "url": "https://pokeapi.co/api/v2/move-learn-method/4/"
                    },
                    "order": null,
                    "version_group": {
                        "name": "ultra-sun-ultra-moon",
                        "url": "https://pokeapi.co/api/v2/version-group/18/"
                    }
                },
                {
                    "level_learned_at": 5,
                    "move_learn_method": {
                        "name": "level-up",
                        "url": "https://pokeapi.co/api/v2/move-learn-method/1/"
                    },
                    "order": null,
                    "version_group": {
                        "name": "sword-shield",
                        "url": "https://pokeapi.co/api/v2/version-group/20/"
                    }
                },
                {
                    "level_learned_at": 0,
                    "move_learn_method": {
                        "name": "machine",
                        "url": "https://pokeapi.co/api/v2/move-learn-method/4/"
                    },
                    "order": null,
                    "version_group": {
                        "name": "sword-shield",
                        "url": "https://pokeapi.co/api/v2/version-group/20/"
                    }
                }
            ]
        },
        {
            "move": {
                "name": "self-destruct",
                "url": "https://pokeapi.co/api/v2/move/120/"
            },
            "version_group_details": [
                {
                    "level_learned_at": 0,
                    "move_learn_method": {
                        "name": "machine",
                        "url": "https://pokeapi.co/api/v2/move-learn-method/4/"
                    },
                    "order": null,
                    "version_group": {
                        "name": "sword-shield",
                        "url": "https://pokeapi.co/api/v2/version-group/20/"
                    }
                }
            ]
        },
        {
            "move": {
                "name": "fire-blast",
                "url": "https://pokeapi.co/api/v2/move/126/"
            },
            "version_group_details": [
                {
                    "level_learned_at": 37,
                    "move_learn_method": {
                        "name": "level-up",
                        "url": "https://pokeapi.co/api/v2/move-learn-method/1/"
                    },
                    "order": null,
                    "version_group": {
                        "name": "ultra-sun-ultra-moon",
                        "url": "https://pokeapi.co/api/v2/version-group/18/"
                    }
                },
                {
                    "level_learned_at": 0,
                    "move_learn_method": {
                        "name": "machine",
                        "url": "https://pokeapi.co/api/v2/move-learn-method/4/"
                    },
                    "order": null,
                    "version_group": {
                        "name": "ultra-sun-ultra-moon",
                        "url": "https://pokeapi.co/api/v2/version-group/18/"
                    }
                },
                {
                    "level_learned_at": 65,
                    "move_learn_method": {
                        "name": "level-up",
                        "url": "https://pokeapi.co/api/v2/move-learn-method/1/"
                    },
                    "order": null,
                    "version_group": {
                        "name": "sword-shield",
                        "url": "https://pokeapi.co/api/v2/version-group/20/"
                    }
                },
                {
                    "level_learned_at": 0,
                    "move_learn_method": {
                        "name": "machine",
                        "url": "https://pokeapi.co/api/v2/move-learn-method/4/"
                    },
                    "order": null,
                    "version_group": {
                        "name": "sword-shield",
                        "url": "https://pokeapi.co/api/v2/version-group/20/"
                    }
                }
            ]
        },
        {
            "move": {
                "name": "explosion",
                "url": "https://pokeapi.co/api/v2/move/153/"
            },
            "version_group_details": [
                {
                    "level_learned_at": 0,
                    "move_learn_method": {
                        "name": "machine",
                        "url": "https://pokeapi.co/api/v2/move-learn-method/4/"
                    },
                    "order": null,
                    "version_group": {
                        "name": "ultra-sun-ultra-moon",
                        "url": "https://pokeapi.co/api/v2/version-group/18/"
                    }
                }
            ]
        },
        {
            "move": {
                "name": "rest",
                "url": "https://pokeapi.co/api/v2/move/156/"
            },
            "version_group_details": [
                {
                    "level_learned_at": 0,
                    "move_learn_method": {
                        "name": "machine",
                        "url": "https://pokeapi.co/api/v2/move-learn-method/4/"
                    },
                    "order": null,
                    "version_group": {
                        "name": "ultra-sun-ultra-moon",
                        "url": "https://pokeapi.co/api/v2/version-group/18/"
                    }
                },
                {
                    "level_learned_at": 0,
                    "move_learn_method": {
                        "name": "machine",
                        "url": "https://pokeapi.co/api/v2/move-learn-method/4/"
                    },
                    "order": null,
                    "version_group": {
                        "name": "sword-shield",
                        "url": "https://pokeapi.co/api/v2/version-group/20/"
                    }
                }
            ]
        },
        {
            "move": {
                "name": "substitute",
                "url": "https://pokeapi.co/api/v2/move/164/"
            },
            "version_group_details": [
                {
                    "level_learned_at": 0,
                    "move_learn_method": {
                        "name": "machine",
                        "url": "https://pokeapi.co/api/v2/move-learn-method/4/"
                    },
                    "order": null,
                    "version_group": {
                        "name": "ultra-sun-ultra-moon",
                        "url": "https://pokeapi.co/api/v2/version-group/18/"
                    }
                },
                {
                    "level_learned_at": 0,
                    "move_learn_method": {
                        "name": "machine",
                        "url": "https://pokeapi.co/api/v2/move-learn-method/4/"
                    },
                    "order": null,
                    "version_group": {
                        "name": "sword-shield",
                        "url": "https://pokeapi.co/api/v2/version-group/20/"
                    }
                }
            ]
        },
        {
            "move": {
                "name": "thief",
                "url": "https://pokeapi.co/api/v2/move/168/"
            },
            "version_group_details": [
                {
                    "level_learned_at": 0,
                    "move_learn_method": {
                        "name": "machine",
                        "url": "https://pokeapi.co/api/v2/move-learn-method/4/"
                    },
                    "order": null,
                    "version_group": {
                        "name": "ultra-sun-ultra-moon",
                        "url": "https://pokeapi.co/api/v2/version-group/18/"
                    }
                },
                {
                    "level_learned_at": 0,
                    "move_learn_method": {
                        "name": "machine",
                        "url": "https://pokeapi.co/api/v2/move-learn-method/4/"
                    },
                    "order": null,
                    "version_group": {
                        "name": "sword-shield",
                        "url": "https://pokeapi.co/api/v2/version-group/20/"
                    }
                }
            ]
        },
        {
            "move": {
                "name": "snore",
                "url": "https://pokeapi.co/api/v2/move/173/"
            },
            "version_group_details": [
                {
                    "level_learned_at": 0,
                    "move_learn_method": {
                        "name": "tutor",
                        "url": "https://pokeapi.co/api/v2/move-learn-method/3/"
                    },
                    "order": null,
                    "version_group": {
                        "name": "ultra-sun-ultra-moon",
                        "url": "https://pokeapi.co/api/v2/version-group/18/"
                    }
                },
                {
                    "level_learned_at": 0,
                    "move_learn_method": {
                        "name": "machine",
                        "url": "https://pokeapi.co/api/v2/move-learn-method/4/"
                    },
                    "order": null,
                    "version_group": {
                        "name": "sword-shield",
                        "url": "https://pokeapi.co/api/v2/version-group/20/"
                    }
                }
            ]
        },
        {
            "move": {
                "name": "spite",
                "url": "https://pokeapi.co/api/v2/move/180/"
            },
            "version_group_details": [
                {
                    "level_learned_at": 0,
                    "move_learn_method": {
                        "name": "tutor",
                        "url": "https://pokeapi.co/api/v2/move-learn-method/3/"
                    },
                    "order": null,
                    "version_group": {
                        "name": "ultra-sun-ultra-moon",
                        "url": "https://pokeapi.co/api/v2/version-group/18/"
                    }
                }
            ]
        },
        {
            "move": {
                "name": "protect",
                "url": "https://pokeapi.co/api/v2/move/182/"
            },
            "version_group_details": [
                {
                    "level_learned_at": 0,
                    "move_learn_method": {
                        "name": "machine",
                        "url": "https://pokeapi.co/api/v2/move-learn-method/4/"
                    },
                    "order": null,
                    "version_group": {
                        "name": "ultra-sun-ultra-moon",
                        "url": "https://pokeapi.co/api/v2/version-group/18/"
                    }
                },
                {
                    "level_learned_at": 0,
                    "move_learn_method": {
                        "name": "machine",
                        "url": "https://pokeapi.co/api/v2/move-learn-method/4/"
                    },
                    "order": null,
                    "version_group": {
                        "name": "sword-shield",
                        "url": "https://pokeapi.co/api/v2/version-group/20/"
                    }
                }
            ]
        },
        {
            "move": {
                "name": "endure",
                "url": "https://pokeapi.co/api/v2/move/203/"
            },
            "version_group_details": [
                {
                    "level_learned_at": 0,
                    "move_learn_method": {
                        "name": "machine",
                        "url": "https://pokeapi.co/api/v2/move-learn-method/4/"
                    },
                    "order": null,
                    "version_group": {
                        "name": "sword-shield",
                        "url": "https://pokeapi.co/api/v2/version-group/20/"
                    }
                }
            ]
        },
        {
            "move": {
                "name": "swagger",
                "url": "https://pokeapi.co/api/v2/move/207/"
            },
            "version_group_details": [
                {
                    "level_learned_at": 0,
                    "move_learn_method": {
                        "name": "machine",
                        "url": "https://pokeapi.co/api/v2/move-learn-method/4/"
                    },
                    "order": null,
                    "version_group": {
                        "name": "ultra-sun-ultra-moon",
                        "url": "https://pokeapi.co/api/v2/version-group/18/"
                    }
                }
            ]
        },
        {
            "move": {
                "name": "sleep-talk",
                "url": "https://pokeapi.co/api/v2/move/214/"
            },
            "version_group_details": [
                {
                    "level_learned_at": 0,
                    "move_learn_method": {
                        "name": "machine",
                        "url": "https://pokeapi.co/api/v2/move-learn-method/4/"
                    },
                    "order": null,
                    "version_group": {
                        "name": "ultra-sun-ultra-moon",
                        "url": "https://pokeapi.co/api/v2/version-group/18/"
                    }
                },
                {
                    "level_learned_at": 0,
                    "move_learn_method": {
                        "name": "machine",
                        "url": "https://pokeapi.co/api/v2/move-learn-method/4/"
                    },
                    "order": null,
                    "version_group": {
                        "name": "sword-shield",
                        "url": "https://pokeapi.co/api/v2/version-group/20/"
                    }
                }
            ]
        },
        {
            "move": {
                "name": "return",
                "url": "https://pokeapi.co/api/v2/move/216/"
            },
            "version_group_details": [
                {
                    "level_learned_at": 0,
                    "move_learn_method": {
                        "name": "machine",
                        "url": "https://pokeapi.co/api/v2/move-learn-method/4/"
                    },
                    "order": null,
                    "version_group": {
                        "name": "ultra-sun-ultra-moon",
                        "url": "https://pokeapi.co/api/v2/version-group/18/"
                    }
                }
            ]
        },
        {
            "move": {
                "name": "frustration",
                "url": "https://pokeapi.co/api/v2/move/218/"
            },
            "version_group_details": [
                {
                    "level_learned_at": 0,
                    "move_learn_method": {
                        "name": "machine",
                        "url": "https://pokeapi.co/api/v2/move-learn-method/4/"
                    },
                    "order": null,
                    "version_group": {
                        "name": "ultra-sun-ultra-moon",
                        "url": "https://pokeapi.co/api/v2/version-group/18/"
                    }
                }
            ]
        },
        {
            "move": {
                "name": "pain-split",
                "url": "https://pokeapi.co/api/v2/move/220/"
            },
            "version_group_details": [
                {
                    "level_learned_at": 0,
                    "move_learn_method": {
                        "name": "tutor",
                        "url": "https://pokeapi.co/api/v2/move-learn-method/3/"
                    },
                    "order": null,
                    "version_group": {
                        "name": "ultra-sun-ultra-moon",
                        "url": "https://pokeapi.co/api/v2/version-group/18/"
                    }
                }
            ]
        },
        {
            "move": {
                "name": "encore",
                "url": "https://pokeapi.co/api/v2/move/227/"
            },
            "version_group_details": [
                {
                    "level_learned_at": 0,
                    "move_learn_method": {
                        "name": "machine",
                        "url": "https://pokeapi.co/api/v2/move-learn-method/4/"
                    },
                    "order": null,
                    "version_group": {
                        "name": "sword-shield",
                        "url": "https://pokeapi.co/api/v2/version-group/20/"
                    }
                }
            ]
        },
        {
            "move": {
                "name": "hidden-power",
                "url": "https://pokeapi.co/api/v2/move/237/"
            },
            "version_group_details": [
                {
                    "level_learned_at": 0,
                    "move_learn_method": {
                        "name": "machine",
                        "url": "https://pokeapi.co/api/v2/move-learn-method/4/"
                    },
                    "order": null,
                    "version_group": {
                        "name": "ultra-sun-ultra-moon",
                        "url": "https://pokeapi.co/api/v2/version-group/18/"
                    }
                }
            ]
        },
        {
            "move": {
                "name": "sunny-day",
                "url": "https://pokeapi.co/api/v2/move/241/"
            },
            "version_group_details": [
                {
                    "level_learned_at": 0,
                    "move_learn_method": {
                        "name": "machine",
                        "url": "https://pokeapi.co/api/v2/move-learn-method/4/"
                    },
                    "order": null,
                    "version_group": {
                        "name": "ultra-sun-ultra-moon",
                        "url": "https://pokeapi.co/api/v2/version-group/18/"
                    }
                },
                {
                    "level_learned_at": 0,
                    "move_learn_method": {
                        "name": "machine",
                        "url": "https://pokeapi.co/api/v2/move-learn-method/4/"
                    },
                    "order": null,
                    "version_group": {
                        "name": "sword-shield",
                        "url": "https://pokeapi.co/api/v2/version-group/20/"
                    }
                }
            ]
        },
        {
            "move": {
                "name": "shadow-ball",
                "url": "https://pokeapi.co/api/v2/move/247/"
            },
            "version_group_details": [
                {
                    "level_learned_at": 41,
                    "move_learn_method": {
                        "name": "level-up",
                        "url": "https://pokeapi.co/api/v2/move-learn-method/1/"
                    },
                    "order": null,
                    "version_group": {
                        "name": "ultra-sun-ultra-moon",
                        "url": "https://pokeapi.co/api/v2/version-group/18/"
                    }
                },
                {
                    "level_learned_at": 0,
                    "move_learn_method": {
                        "name": "machine",
                        "url": "https://pokeapi.co/api/v2/move-learn-method/4/"
                    },
                    "order": null,
                    "version_group": {
                        "name": "ultra-sun-ultra-moon",
                        "url": "https://pokeapi.co/api/v2/version-group/18/"
                    }
                },
                {
                    "level_learned_at": 45,
                    "move_learn_method": {
                        "name": "level-up",
                        "url": "https://pokeapi.co/api/v2/move-learn-method/1/"
                    },
                    "order": null,
                    "version_group": {
                        "name": "sword-shield",
                        "url": "https://pokeapi.co/api/v2/version-group/20/"
                    }
                },
                {
                    "level_learned_at": 0,
                    "move_learn_method": {
                        "name": "machine",
                        "url": "https://pokeapi.co/api/v2/move-learn-method/4/"
                    },
                    "order": null,
                    "version_group": {
                        "name": "sword-shield",
                        "url": "https://pokeapi.co/api/v2/version-group/20/"
                    }
                }
            ]
        },
        {
            "move": {
                "name": "uproar",
                "url": "https://pokeapi.co/api/v2/move/253/"
            },
            "version_group_details": [
                {
                    "level_learned_at": 0,
                    "move_learn_method": {
                        "name": "tutor",
                        "url": "https://pokeapi.co/api/v2/move-learn-method/3/"
                    },
                    "order": null,
                    "version_group": {
                        "name": "ultra-sun-ultra-moon",
                        "url": "https://pokeapi.co/api/v2/version-group/18/"
                    }
                },
                {
                    "level_learned_at": 0,
                    "move_learn_method": {
                        "name": "machine",
                        "url": "https://pokeapi.co/api/v2/move-learn-method/4/"
                    },
                    "order": null,
                    "version_group": {
                        "name": "sword-shield",
                        "url": "https://pokeapi.co/api/v2/version-group/20/"
                    }
                }
            ]
        },
        {
            "move": {
                "name": "heat-wave",
                "url": "https://pokeapi.co/api/v2/move/257/"
            },
            "version_group_details": [
                {
                    "level_learned_at": 0,
                    "move_learn_method": {
                        "name": "tutor",
                        "url": "https://pokeapi.co/api/v2/move-learn-method/3/"
                    },
                    "order": null,
                    "version_group": {
                        "name": "ultra-sun-ultra-moon",
                        "url": "https://pokeapi.co/api/v2/version-group/18/"
                    }
                },
                {
                    "level_learned_at": 0,
                    "move_learn_method": {
                        "name": "machine",
                        "url": "https://pokeapi.co/api/v2/move-learn-method/4/"
                    },
                    "order": null,
                    "version_group": {
                        "name": "sword-shield",
                        "url": "https://pokeapi.co/api/v2/version-group/20/"
                    }
                }
            ]
        },
        {
            "move": {
                "name": "torment",
                "url": "https://pokeapi.co/api/v2/move/259/"
            },
            "version_group_details": [
                {
                    "level_learned_at": 0,
                    "move_learn_method": {
                        "name": "machine",
                        "url": "https://pokeapi.co/api/v2/move-learn-method/4/"
                    },
                    "order": null,
                    "version_group": {
                        "name": "ultra-sun-ultra-moon",
                        "url": "https://pokeapi.co/api/v2/version-group/18/"
                    }
                }
            ]
        },
        {
            "move": {
                "name": "will-o-wisp",
                "url": "https://pokeapi.co/api/v2/move/261/"
            },
            "version_group_details": [
                {
                    "level_learned_at": 0,
                    "move_learn_method": {
                        "name": "machine",
                        "url": "https://pokeapi.co/api/v2/move-learn-method/4/"
                    },
                    "order": null,
                    "version_group": {
                        "name": "ultra-sun-ultra-moon",
                        "url": "https://pokeapi.co/api/v2/version-group/18/"
                    }
                },
                {
                    "level_learned_at": 55,
                    "move_learn_method": {
                        "name": "level-up",
                        "url": "https://pokeapi.co/api/v2/move-learn-method/1/"
                    },
                    "order": null,
                    "version_group": {
                        "name": "sword-shield",
                        "url": "https://pokeapi.co/api/v2/version-group/20/"
                    }
                },
                {
                    "level_learned_at": 0,
                    "move_learn_method": {
                        "name": "machine",
                        "url": "https://pokeapi.co/api/v2/move-learn-method/4/"
                    },
                    "order": null,
                    "version_group": {
                        "name": "sword-shield",
                        "url": "https://pokeapi.co/api/v2/version-group/20/"
                    }
                }
            ]
        },
        {
            "move": {
                "name": "facade",
                "url": "https://pokeapi.co/api/v2/move/263/"
            },
            "version_group_details": [
                {
                    "level_learned_at": 0,
                    "move_learn_method": {
                        "name": "machine",
                        "url": "https://pokeapi.co/api/v2/move-learn-method/4/"
                    },
                    "order": null,
                    "version_group": {
                        "name": "ultra-sun-ultra-moon",
                        "url": "https://pokeapi.co/api/v2/version-group/18/"
                    }
                },
                {
                    "level_learned_at": 0,
                    "move_learn_method": {
                        "name": "machine",
                        "url": "https://pokeapi.co/api/v2/move-learn-method/4/"
                    },
                    "order": null,
                    "version_group": {
                        "name": "sword-shield",
                        "url": "https://pokeapi.co/api/v2/version-group/20/"
                    }
                }
            ]
        },
        {
            "move": {
                "name": "taunt",
                "url": "https://pokeapi.co/api/v2/move/269/"
            },
            "version_group_details": [
                {
                    "level_learned_at": 0,
                    "move_learn_method": {
                        "name": "machine",
                        "url": "https://pokeapi.co/api/v2/move-learn-method/4/"
                    },
                    "order": null,
                    "version_group": {
                        "name": "ultra-sun-ultra-moon",
                        "url": "https://pokeapi.co/api/v2/version-group/18/"
                    }
                },
                {
                    "level_learned_at": 0,
                    "move_learn_method": {
                        "name": "machine",
                        "url": "https://pokeapi.co/api/v2/move-learn-method/4/"
                    },
                    "order": null,
                    "version_group": {
                        "name": "sword-shield",
                        "url": "https://pokeapi.co/api/v2/version-group/20/"
                    }
                }
            ]
        },
        {
            "move": {
                "name": "trick",
                "url": "https://pokeapi.co/api/v2/move/271/"
            },
            "version_group_details": [
                {
                    "level_learned_at": 47,
                    "move_learn_method": {
                        "name": "level-up",
                        "url": "https://pokeapi.co/api/v2/move-learn-method/1/"
                    },
                    "order": null,
                    "version_group": {
                        "name": "ultra-sun-ultra-moon",
                        "url": "https://pokeapi.co/api/v2/version-group/18/"
                    }
                },
                {
                    "level_learned_at": 0,
                    "move_learn_method": {
                        "name": "tutor",
                        "url": "https://pokeapi.co/api/v2/move-learn-method/3/"
                    },
                    "order": null,
                    "version_group": {
                        "name": "ultra-sun-ultra-moon",
                        "url": "https://pokeapi.co/api/v2/version-group/18/"
                    }
                },
                {
                    "level_learned_at": 60,
                    "move_learn_method": {
                        "name": "level-up",
                        "url": "https://pokeapi.co/api/v2/move-learn-method/1/"
                    },
                    "order": null,
                    "version_group": {
                        "name": "sword-shield",
                        "url": "https://pokeapi.co/api/v2/version-group/20/"
                    }
                },
                {
                    "level_learned_at": 0,
                    "move_learn_method": {
                        "name": "machine",
                        "url": "https://pokeapi.co/api/v2/move-learn-method/4/"
                    },
                    "order": null,
                    "version_group": {
                        "name": "sword-shield",
                        "url": "https://pokeapi.co/api/v2/version-group/20/"
                    }
                }
            ]
        },
        {
            "move": {
                "name": "magic-coat",
                "url": "https://pokeapi.co/api/v2/move/277/"
            },
            "version_group_details": [
                {
                    "level_learned_at": 7,
                    "move_learn_method": {
                        "name": "level-up",
                        "url": "https://pokeapi.co/api/v2/move-learn-method/1/"
                    },
                    "order": null,
                    "version_group": {
                        "name": "ultra-sun-ultra-moon",
                        "url": "https://pokeapi.co/api/v2/version-group/18/"
                    }
                },
                {
                    "level_learned_at": 25,
                    "move_learn_method": {
                        "name": "level-up",
                        "url": "https://pokeapi.co/api/v2/move-learn-method/1/"
                    },
                    "order": null,
                    "version_group": {
                        "name": "sword-shield",
                        "url": "https://pokeapi.co/api/v2/version-group/20/"
                    }
                }
            ]
        },
        {
            "move": {
                "name": "recycle",
                "url": "https://pokeapi.co/api/v2/move/278/"
            },
            "version_group_details": [
                {
                    "level_learned_at": 0,
                    "move_learn_method": {
                        "name": "tutor",
                        "url": "https://pokeapi.co/api/v2/move-learn-method/3/"
                    },
                    "order": null,
                    "version_group": {
                        "name": "ultra-sun-ultra-moon",
                        "url": "https://pokeapi.co/api/v2/version-group/18/"
                    }
                }
            ]
        },
        {
            "move": {
                "name": "knock-off",
                "url": "https://pokeapi.co/api/v2/move/282/"
            },
            "version_group_details": [
                {
                    "level_learned_at": 0,
                    "move_learn_method": {
                        "name": "tutor",
                        "url": "https://pokeapi.co/api/v2/move-learn-method/3/"
                    },
                    "order": null,
                    "version_group": {
                        "name": "ultra-sun-ultra-moon",
                        "url": "https://pokeapi.co/api/v2/version-group/18/"
                    }
                }
            ]
        },
        {
            "move": {
                "name": "astonish",
                "url": "https://pokeapi.co/api/v2/move/310/"
            },
            "version_group_details": [
                {
                    "level_learned_at": 1,
                    "move_learn_method": {
                        "name": "level-up",
                        "url": "https://pokeapi.co/api/v2/move-learn-method/1/"
                    },
                    "order": 2,
                    "version_group": {
                        "name": "ultra-sun-ultra-moon",
                        "url": "https://pokeapi.co/api/v2/version-group/18/"
                    }
                },
                {
                    "level_learned_at": 1,
                    "move_learn_method": {
                        "name": "level-up",
                        "url": "https://pokeapi.co/api/v2/move-learn-method/1/"
                    },
                    "order": 1,
                    "version_group": {
                        "name": "sword-shield",
                        "url": "https://pokeapi.co/api/v2/version-group/20/"
                    }
                }
            ]
        },
        {
            "move": {
                "name": "overheat",
                "url": "https://pokeapi.co/api/v2/move/315/"
            },
            "version_group_details": [
                {
                    "level_learned_at": 0,
                    "move_learn_method": {
                        "name": "machine",
                        "url": "https://pokeapi.co/api/v2/move-learn-method/4/"
                    },
                    "order": null,
                    "version_group": {
                        "name": "ultra-sun-ultra-moon",
                        "url": "https://pokeapi.co/api/v2/version-group/18/"
                    }
                },
                {
                    "level_learned_at": 0,
                    "move_learn_method": {
                        "name": "machine",
                        "url": "https://pokeapi.co/api/v2/move-learn-method/4/"
                    },
                    "order": null,
                    "version_group": {
                        "name": "sword-shield",
                        "url": "https://pokeapi.co/api/v2/version-group/20/"
                    }
                }
            ]
        },
        {
            "move": {
                "name": "calm-mind",
                "url": "https://pokeapi.co/api/v2/move/347/"
            },
            "version_group_details": [
                {
                    "level_learned_at": 31,
                    "move_learn_method": {
                        "name": "level-up",
                        "url": "https://pokeapi.co/api/v2/move-learn-method/1/"
                    },
                    "order": null,
                    "version_group": {
                        "name": "ultra-sun-ultra-moon",
                        "url": "https://pokeapi.co/api/v2/version-group/18/"
                    }
                },
                {
                    "level_learned_at": 0,
                    "move_learn_method": {
                        "name": "machine",
                        "url": "https://pokeapi.co/api/v2/move-learn-method/4/"
                    },
                    "order": null,
                    "version_group": {
                        "name": "ultra-sun-ultra-moon",
                        "url": "https://pokeapi.co/api/v2/version-group/18/"
                    }
                },
                {
                    "level_learned_at": 50,
                    "move_learn_method": {
                        "name": "level-up",
                        "url": "https://pokeapi.co/api/v2/move-learn-method/1/"
                    },
                    "order": null,
                    "version_group": {
                        "name": "sword-shield",
                        "url": "https://pokeapi.co/api/v2/version-group/20/"
                    }
                },
                {
                    "level_learned_at": 0,
                    "move_learn_method": {
                        "name": "machine",
                        "url": "https://pokeapi.co/api/v2/move-learn-method/4/"
                    },
                    "order": null,
                    "version_group": {
                        "name": "sword-shield",
                        "url": "https://pokeapi.co/api/v2/version-group/20/"
                    }
                }
            ]
        },
        {
            "move": {
                "name": "rock-blast",
                "url": "https://pokeapi.co/api/v2/move/350/"
            },
            "version_group_details": [
                {
                    "level_learned_at": 0,
                    "move_learn_method": {
                        "name": "machine",
                        "url": "https://pokeapi.co/api/v2/move-learn-method/4/"
                    },
                    "order": null,
                    "version_group": {
                        "name": "sword-shield",
                        "url": "https://pokeapi.co/api/v2/version-group/20/"
                    }
                }
            ]
        },
        {
            "move": {
                "name": "payback",
                "url": "https://pokeapi.co/api/v2/move/371/"
            },
            "version_group_details": [
                {
                    "level_learned_at": 0,
                    "move_learn_method": {
                        "name": "machine",
                        "url": "https://pokeapi.co/api/v2/move-learn-method/4/"
                    },
                    "order": null,
                    "version_group": {
                        "name": "ultra-sun-ultra-moon",
                        "url": "https://pokeapi.co/api/v2/version-group/18/"
                    }
                },
                {
                    "level_learned_at": 0,
                    "move_learn_method": {
                        "name": "machine",
                        "url": "https://pokeapi.co/api/v2/move-learn-method/4/"
                    },
                    "order": null,
                    "version_group": {
                        "name": "sword-shield",
                        "url": "https://pokeapi.co/api/v2/version-group/20/"
                    }
                }
            ]
        },
        {
            "move": {
                "name": "fling",
                "url": "https://pokeapi.co/api/v2/move/374/"
            },
            "version_group_details": [
                {
                    "level_learned_at": 0,
                    "move_learn_method": {
                        "name": "machine",
                        "url": "https://pokeapi.co/api/v2/move-learn-method/4/"
                    },
                    "order": null,
                    "version_group": {
                        "name": "ultra-sun-ultra-moon",
                        "url": "https://pokeapi.co/api/v2/version-group/18/"
                    }
                },
                {
                    "level_learned_at": 0,
                    "move_learn_method": {
                        "name": "machine",
                        "url": "https://pokeapi.co/api/v2/move-learn-method/4/"
                    },
                    "order": null,
                    "version_group": {
                        "name": "sword-shield",
                        "url": "https://pokeapi.co/api/v2/version-group/20/"
                    }
                }
            ]
        },
        {
            "move": {
                "name": "last-resort",
                "url": "https://pokeapi.co/api/v2/move/387/"
            },
            "version_group_details": [
                {
                    "level_learned_at": 0,
                    "move_learn_method": {
                        "name": "tutor",
                        "url": "https://pokeapi.co/api/v2/move-learn-method/3/"
                    },
                    "order": null,
                    "version_group": {
                        "name": "ultra-sun-ultra-moon",
                        "url": "https://pokeapi.co/api/v2/version-group/18/"
                    }
                }
            ]
        },
        {
            "move": {
                "name": "dark-pulse",
                "url": "https://pokeapi.co/api/v2/move/399/"
            },
            "version_group_details": [
                {
                    "level_learned_at": 0,
                    "move_learn_method": {
                        "name": "machine",
                        "url": "https://pokeapi.co/api/v2/move-learn-method/4/"
                    },
                    "order": null,
                    "version_group": {
                        "name": "ultra-sun-ultra-moon",
                        "url": "https://pokeapi.co/api/v2/version-group/18/"
                    }
                },
                {
                    "level_learned_at": 0,
                    "move_learn_method": {
                        "name": "machine",
                        "url": "https://pokeapi.co/api/v2/move-learn-method/4/"
                    },
                    "order": null,
                    "version_group": {
                        "name": "sword-shield",
                        "url": "https://pokeapi.co/api/v2/version-group/20/"
                    }
                }
            ]
        },
        {
            "move": {
                "name": "shadow-claw",
                "url": "https://pokeapi.co/api/v2/move/421/"
            },
            "version_group_details": [
                {
                    "level_learned_at": 0,
                    "move_learn_method": {
                        "name": "machine",
                        "url": "https://pokeapi.co/api/v2/move-learn-method/4/"
                    },
                    "order": null,
                    "version_group": {
                        "name": "ultra-sun-ultra-moon",
                        "url": "https://pokeapi.co/api/v2/version-group/18/"
                    }
                },
                {
                    "level_learned_at": 0,
                    "move_learn_method": {
                        "name": "machine",
                        "url": "https://pokeapi.co/api/v2/move-learn-method/4/"
                    },
                    "order": null,
                    "version_group": {
                        "name": "sword-shield",
                        "url": "https://pokeapi.co/api/v2/version-group/20/"
                    }
                }
            ]
        },
        {
            "move": {
                "name": "zen-headbutt",
                "url": "https://pokeapi.co/api/v2/move/428/"
            },
            "version_group_details": [
                {
                    "level_learned_at": 0,
                    "move_learn_method": {
                        "name": "machine",
                        "url": "https://pokeapi.co/api/v2/move-learn-method/4/"
                    },
                    "order": null,
                    "version_group": {
                        "name": "sword-shield",
                        "url": "https://pokeapi.co/api/v2/version-group/20/"
                    }
                }
            ]
        },
        {
            "move": {
                "name": "psyshock",
                "url": "https://pokeapi.co/api/v2/move/473/"
            },
            "version_group_details": [
                {
                    "level_learned_at": 0,
                    "move_learn_method": {
                        "name": "machine",
                        "url": "https://pokeapi.co/api/v2/move-learn-method/4/"
                    },
                    "order": null,
                    "version_group": {
                        "name": "ultra-sun-ultra-moon",
                        "url": "https://pokeapi.co/api/v2/version-group/18/"
                    }
                },
                {
                    "level_learned_at": 0,
                    "move_learn_method": {
                        "name": "machine",
                        "url": "https://pokeapi.co/api/v2/move-learn-method/4/"
                    },
                    "order": null,
                    "version_group": {
                        "name": "sword-shield",
                        "url": "https://pokeapi.co/api/v2/version-group/20/"
                    }
                }
            ]
        },
        {
            "move": {
                "name": "smack-down",
                "url": "https://pokeapi.co/api/v2/move/479/"
            },
            "version_group_details": [
                {
                    "level_learned_at": 0,
                    "move_learn_method": {
                        "name": "machine",
                        "url": "https://pokeapi.co/api/v2/move-learn-method/4/"
                    },
                    "order": null,
                    "version_group": {
                        "name": "ultra-sun-ultra-moon",
                        "url": "https://pokeapi.co/api/v2/version-group/18/"
                    }
                }
            ]
        },
        {
            "move": {
                "name": "flame-burst",
                "url": "https://pokeapi.co/api/v2/move/481/"
            },
            "version_group_details": [
                {
                    "level_learned_at": 17,
                    "move_learn_method": {
                        "name": "level-up",
                        "url": "https://pokeapi.co/api/v2/move-learn-method/1/"
                    },
                    "order": null,
                    "version_group": {
                        "name": "ultra-sun-ultra-moon",
                        "url": "https://pokeapi.co/api/v2/version-group/18/"
                    }
                }
            ]
        },
        {
            "move": {
                "name": "flame-charge",
                "url": "https://pokeapi.co/api/v2/move/488/"
            },
            "version_group_details": [
                {
                    "level_learned_at": 0,
                    "move_learn_method": {
                        "name": "machine",
                        "url": "https://pokeapi.co/api/v2/move-learn-method/4/"
                    },
                    "order": null,
                    "version_group": {
                        "name": "ultra-sun-ultra-moon",
                        "url": "https://pokeapi.co/api/v2/version-group/18/"
                    }
                }
            ]
        },
        {
            "move": {
                "name": "foul-play",
                "url": "https://pokeapi.co/api/v2/move/492/"
            },
            "version_group_details": [
                {
                    "level_learned_at": 0,
                    "move_learn_method": {
                        "name": "tutor",
                        "url": "https://pokeapi.co/api/v2/move-learn-method/3/"
                    },
                    "order": null,
                    "version_group": {
                        "name": "ultra-sun-ultra-moon",
                        "url": "https://pokeapi.co/api/v2/version-group/18/"
                    }
                },
                {
                    "level_learned_at": 0,
                    "move_learn_method": {
                        "name": "machine",
                        "url": "https://pokeapi.co/api/v2/move-learn-method/4/"
                    },
                    "order": null,
                    "version_group": {
                        "name": "sword-shield",
                        "url": "https://pokeapi.co/api/v2/version-group/20/"
                    }
                }
            ]
        },
        {
            "move": {
                "name": "after-you",
                "url": "https://pokeapi.co/api/v2/move/495/"
            },
            "version_group_details": [
                {
                    "level_learned_at": 0,
                    "move_learn_method": {
                        "name": "tutor",
                        "url": "https://pokeapi.co/api/v2/move-learn-method/3/"
                    },
                    "order": null,
                    "version_group": {
                        "name": "ultra-sun-ultra-moon",
                        "url": "https://pokeapi.co/api/v2/version-group/18/"
                    }
                }
            ]
        },
        {
            "move": {
                "name": "round",
                "url": "https://pokeapi.co/api/v2/move/496/"
            },
            "version_group_details": [
                {
                    "level_learned_at": 0,
                    "move_learn_method": {
                        "name": "machine",
                        "url": "https://pokeapi.co/api/v2/move-learn-method/4/"
                    },
                    "order": null,
                    "version_group": {
                        "name": "ultra-sun-ultra-moon",
                        "url": "https://pokeapi.co/api/v2/version-group/18/"
                    }
                },
                {
                    "level_learned_at": 0,
                    "move_learn_method": {
                        "name": "machine",
                        "url": "https://pokeapi.co/api/v2/move-learn-method/4/"
                    },
                    "order": null,
                    "version_group": {
                        "name": "sword-shield",
                        "url": "https://pokeapi.co/api/v2/version-group/20/"
                    }
                }
            ]
        },
        {
            "move": {
                "name": "stored-power",
                "url": "https://pokeapi.co/api/v2/move/500/"
            },
            "version_group_details": [
                {
                    "level_learned_at": 13,
                    "move_learn_method": {
                        "name": "level-up",
                        "url": "https://pokeapi.co/api/v2/move-learn-method/1/"
                    },
                    "order": null,
                    "version_group": {
                        "name": "ultra-sun-ultra-moon",
                        "url": "https://pokeapi.co/api/v2/version-group/18/"
                    }
                },
                {
                    "level_learned_at": 0,
                    "move_learn_method": {
                        "name": "machine",
                        "url": "https://pokeapi.co/api/v2/move-learn-method/4/"
                    },
                    "order": null,
                    "version_group": {
                        "name": "sword-shield",
                        "url": "https://pokeapi.co/api/v2/version-group/20/"
                    }
                }
            ]
        },
        {
            "move": {
                "name": "incinerate",
                "url": "https://pokeapi.co/api/v2/move/510/"
            },
            "version_group_details": [
                {
                    "level_learned_at": 30,
                    "move_learn_method": {
                        "name": "level-up",
                        "url": "https://pokeapi.co/api/v2/move-learn-method/1/"
                    },
                    "order": null,
                    "version_group": {
                        "name": "sword-shield",
                        "url": "https://pokeapi.co/api/v2/version-group/20/"
                    }
                }
            ]
        },
        {
            "move": {
                "name": "quash",
                "url": "https://pokeapi.co/api/v2/move/511/"
            },
            "version_group_details": [
                {
                    "level_learned_at": 0,
                    "move_learn_method": {
                        "name": "machine",
                        "url": "https://pokeapi.co/api/v2/move-learn-method/4/"
                    },
                    "order": null,
                    "version_group": {
                        "name": "ultra-sun-ultra-moon",
                        "url": "https://pokeapi.co/api/v2/version-group/18/"
                    }
                }
            ]
        },
        {
            "move": {
                "name": "confide",
                "url": "https://pokeapi.co/api/v2/move/590/"
            },
            "version_group_details": [
                {
                    "level_learned_at": 0,
                    "move_learn_method": {
                        "name": "machine",
                        "url": "https://pokeapi.co/api/v2/move-learn-method/4/"
                    },
                    "order": null,
                    "version_group": {
                        "name": "ultra-sun-ultra-moon",
                        "url": "https://pokeapi.co/api/v2/version-group/18/"
                    }
                }
            ]
        },
        {
            "move": {
                "name": "mystical-fire",
                "url": "https://pokeapi.co/api/v2/move/595/"
            },
            "version_group_details": [
                {
                    "level_learned_at": 40,
                    "move_learn_method": {
                        "name": "level-up",
                        "url": "https://pokeapi.co/api/v2/move-learn-method/1/"
                    },
                    "order": null,
                    "version_group": {
                        "name": "sword-shield",
                        "url": "https://pokeapi.co/api/v2/version-group/20/"
                    }
                },
                {
                    "level_learned_at": 0,
                    "move_learn_method": {
                        "name": "machine",
                        "url": "https://pokeapi.co/api/v2/move-learn-method/4/"
                    },
                    "order": null,
                    "version_group": {
                        "name": "sword-shield",
                        "url": "https://pokeapi.co/api/v2/version-group/20/"
                    }
                }
            ]
        },
        {
            "move": {
                "name": "mind-blown",
                "url": "https://pokeapi.co/api/v2/move/720/"
            },
            "version_group_details": [
                {
                    "level_learned_at": 59,
                    "move_learn_method": {
                        "name": "level-up",
                        "url": "https://pokeapi.co/api/v2/move-learn-method/1/"
                    },
                    "order": null,
                    "version_group": {
                        "name": "ultra-sun-ultra-moon",
                        "url": "https://pokeapi.co/api/v2/version-group/18/"
                    }
                },
                {
                    "level_learned_at": 70,
                    "move_learn_method": {
                        "name": "level-up",
                        "url": "https://pokeapi.co/api/v2/move-learn-method/1/"
                    },
                    "order": null,
                    "version_group": {
                        "name": "sword-shield",
                        "url": "https://pokeapi.co/api/v2/version-group/20/"
                    }
                }
            ]
        },
        {
            "move": {
                "name": "expanding-force",
                "url": "https://pokeapi.co/api/v2/move/797/"
            },
            "version_group_details": [
                {
                    "level_learned_at": 0,
                    "move_learn_method": {
                        "name": "tutor",
                        "url": "https://pokeapi.co/api/v2/move-learn-method/3/"
                    },
                    "order": null,
                    "version_group": {
                        "name": "sword-shield",
                        "url": "https://pokeapi.co/api/v2/version-group/20/"
                    }
                }
            ]
        }
    ],
    "name": "blacephalon",
    "order": 987,
    "past_abilities": [],
    "past_types": [],
    "species": {
        "name": "blacephalon",
        "url": "https://pokeapi.co/api/v2/pokemon-species/806/"
    },
    "sprites": {
        "back_default": "https://raw.githubusercontent.com/PokeAPI/sprites/master/sprites/pokemon/back/806.png",
        "back_female": null,
        "back_shiny": "https://raw.githubusercontent.com/PokeAPI/sprites/master/sprites/pokemon/back/shiny/806.png",
        "back_shiny_female": null,
        "front_default": "https://raw.githubusercontent.com/PokeAPI/sprites/master/sprites/pokemon/806.png",
        "front_female": null,
        "front_shiny": "https://raw.githubusercontent.com/PokeAPI/sprites/master/sprites/pokemon/shiny/806.png",
        "front_shiny_female": null,
        "other": {
            "dream_world": {
                "front_default": null,
                "front_female": null
            },
            "home": {
                "front_default": "https://raw.githubusercontent.com/PokeAPI/sprites/master/sprites/pokemon/other/home/806.png",
                "front_female": null,
                "front_shiny": "https://raw.githubusercontent.com/PokeAPI/sprites/master/sprites/pokemon/other/home/shiny/806.png",
                "front_shiny_female": null
            },
            "official-artwork": {
                "front_default": "https://raw.githubusercontent.com/PokeAPI/sprites/master/sprites/pokemon/other/official-artwork/806.png",
                "front_shiny": "https://raw.githubusercontent.com/PokeAPI/sprites/master/sprites/pokemon/other/official-artwork/shiny/806.png"
            },
            "showdown": {
                "back_default": "https://raw.githubusercontent.com/PokeAPI/sprites/master/sprites/pokemon/other/showdown/back/806.gif",
                "back_female": null,
                "back_shiny": "https://raw.githubusercontent.com/PokeAPI/sprites/master/sprites/pokemon/other/showdown/back/shiny/806.gif",
                "back_shiny_female": null,
                "front_default": "https://raw.githubusercontent.com/PokeAPI/sprites/master/sprites/pokemon/other/showdown/806.gif",
                "front_female": null,
                "front_shiny": "https://raw.githubusercontent.com/PokeAPI/sprites/master/sprites/pokemon/other/showdown/shiny/806.gif",
                "front_shiny_female": null
            }
        },
        "versions": {
            "generation-i": {
                "red-blue": {
                    "back_default": null,
                    "back_gray": null,
                    "back_transparent": null,
                    "front_default": null,
                    "front_gray": null,
                    "front_transparent": null
                },
                "yellow": {
                    "back_default": null,
                    "back_gray": null,
                    "back_transparent": null,
                    "front_default": null,
                    "front_gray": null,
                    "front_transparent": null
                }
            },
            "generation-ii": {
                "crystal": {
                    "back_default": null,
                    "back_shiny": null,
                    "back_shiny_transparent": null,
                    "back_transparent": null,
                    "front_default": null,
                    "front_shiny": null,
                    "front_shiny_transparent": null,
                    "front_transparent": null
                },
                "gold": {
                    "back_default": null,
                    "back_shiny": null,
                    "front_default": null,
                    "front_shiny": null,
                    "front_transparent": null
                },
                "silver": {
                    "back_default": null,
                    "back_shiny": null,
                    "front_default": null,
                    "front_shiny": null,
                    "front_transparent": null
                }
            },
            "generation-iii": {
                "emerald": {
                    "front_default": null,
                    "front_shiny": null
                },
                "firered-leafgreen": {
                    "back_default": null,
                    "back_shiny": null,
                    "front_default": null,
                    "front_shiny": null
                },
                "ruby-sapphire": {
                    "back_default": null,
                    "back_shiny": null,
                    "front_default": null,
                    "front_shiny": null
                }
            },
            "generation-iv": {
                "diamond-pearl": {
                    "back_default": null,
                    "back_female": null,
                    "back_shiny": null,
                    "back_shiny_female": null,
                    "front_default": null,
                    "front_female": null,
                    "front_shiny": null,
                    "front_shiny_female": null
                },
                "heartgold-soulsilver": {
                    "back_default": null,
                    "back_female": null,
                    "back_shiny": null,
                    "back_shiny_female": null,
                    "front_default": null,
                    "front_female": null,
                    "front_shiny": null,
                    "front_shiny_female": null
                },
                "platinum": {
                    "back_default": null,
                    "back_female": null,
                    "back_shiny": null,
                    "back_shiny_female": null,
                    "front_default": null,
                    "front_female": null,
                    "front_shiny": null,
                    "front_shiny_female": null
                }
            },
            "generation-v": {
                "black-white": {
                    "animated": {
                        "back_default": null,
                        "back_female": null,
                        "back_shiny": null,
                        "back_shiny_female": null,
                        "front_default": null,
                        "front_female": null,
                        "front_shiny": null,
                        "front_shiny_female": null
                    },
                    "back_default": "https://raw.githubusercontent.com/PokeAPI/sprites/master/sprites/pokemon/versions/generation-v/black-white/back/806.png",
                    "back_female": null,
                    "back_shiny": "https://raw.githubusercontent.com/PokeAPI/sprites/master/sprites/pokemon/versions/generation-v/black-white/back/shiny/806.png",
                    "back_shiny_female": null,
                    "front_default": "https://raw.githubusercontent.com/PokeAPI/sprites/master/sprites/pokemon/versions/generation-v/black-white/806.png",
                    "front_female": null,
                    "front_shiny": "https://raw.githubusercontent.com/PokeAPI/sprites/master/sprites/pokemon/versions/generation-v/black-white/shiny/806.png",
                    "front_shiny_female": null
                }
            },
            "generation-vi": {
                "omegaruby-alphasapphire": {
                    "front_default": null,
                    "front_female": null,
                    "front_shiny": null,
                    "front_shiny_female": null
                },
                "x-y": {
                    "front_default": null,
                    "front_female": null,
                    "front_shiny": null,
                    "front_shiny_female": null
                }
            },
            "generation-vii": {
                "icons": {
                    "front_default": "https://raw.githubusercontent.com/PokeAPI/sprites/master/sprites/pokemon/versions/generation-vii/icons/806.png",
                    "front_female": null
                },
                "ultra-sun-ultra-moon": {
                    "front_default": "https://raw.githubusercontent.com/PokeAPI/sprites/master/sprites/pokemon/versions/generation-vii/ultra-sun-ultra-moon/806.png",
                    "front_female": null,
                    "front_shiny": "https://raw.githubusercontent.com/PokeAPI/sprites/master/sprites/pokemon/versions/generation-vii/ultra-sun-ultra-moon/shiny/806.png",
                    "front_shiny_female": null
                }
            },
            "generation-viii": {
                "icons": {
                    "front_default": "https://raw.githubusercontent.com/PokeAPI/sprites/master/sprites/pokemon/versions/generation-viii/icons/806.png",
                    "front_female": null
                }
            }
        }
    },
    "stats": [
        {
            "base_stat": 53,
            "effort": 0,
            "stat": {
                "name": "hp",
                "url": "https://pokeapi.co/api/v2/stat/1/"
            }
        },
        {
            "base_stat": 127,
            "effort": 0,
            "stat": {
                "name": "attack",
                "url": "https://pokeapi.co/api/v2/stat/2/"
            }
        },
        {
            "base_stat": 53,
            "effort": 0,
            "stat": {
                "name": "defense",
                "url": "https://pokeapi.co/api/v2/stat/3/"
            }
        },
        {
            "base_stat": 151,
            "effort": 3,
            "stat": {
                "name": "special-attack",
                "url": "https://pokeapi.co/api/v2/stat/4/"
            }
        },
        {
            "base_stat": 79,
            "effort": 0,
            "stat": {
                "name": "special-defense",
                "url": "https://pokeapi.co/api/v2/stat/5/"
            }
        },
        {
            "base_stat": 107,
            "effort": 0,
            "stat": {
                "name": "speed",
                "url": "https://pokeapi.co/api/v2/stat/6/"
            }
        }
    ],
    "types": [
        {
            "slot": 1,
            "type": {
                "name": "fire",
                "url": "https://pokeapi.co/api/v2/type/10/"
            }
        },
        {
            "slot": 2,
            "type": {
                "name": "ghost",
                "url": "https://pokeapi.co/api/v2/type/8/"
            }
        }
    ],
    "weight": 130
}