{
    "abilities": [
        {
            "ability": {
                "name": "shed-skin",
                "url": "https://pokeapi.co/api/v2/ability/61/"
            },
            "is_hidden": false,
            "slot": 1
        },
        {
            "ability": {
                "name": "overcoat",
                "url": "https://pokeapi.co/api/v2/ability/142/"
            },
            "is_hidden": true,
            "slot": 3
        }
    ],
    "base_experience": 45,
    "cries": {
        "latest": "https://raw.githubusercontent.com/PokeAPI/cries/main/cries/pokemon/latest/412.ogg",
        "legacy": "https://raw.githubusercontent.com/PokeAPI/cries/main/cries/pokemon/legacy/412.ogg"
    },
    "forms": [
        {
            "name": "burmy-plant",
            "url": "https://pokeapi.co/api/v2/pokemon-form/412/"
        },
        {
            "name": "burmy-sandy",
            "url": "https://pokeapi.co/api/v2/pokemon-form/10034/"
        },
        {
            "name": "burmy-trash",
            "url": "https://pokeapi.co/api/v2/pokemon-form/10035/"
        }
    ],
    "game_indices": [
        {
            "game_index": 412,
            "version": {
                "name": "diamond",
                "url": "https://pokeapi.co/api/v2/version/12/"
            }
        },
        {
            "game_index": 412,
            "version": {
                "name": "pearl",
                "url": "https://pokeapi.co/api/v2/version/13/"
            }
        },
        {
            "game_index": 412,
            "version": {
                "name": "platinum",
                "url": "https://pokeapi.co/api/v2/version/14/"
            }
        },
        {
            "game_index": 412,
            "version": {
                "name": "heartgold",
                "url": "https://pokeapi.co/api/v2/version/15/"
            }
        },
        {
            "game_index": 412,
            "version": {
                "name": "soulsilver",
                "url": "https://pokeapi.co/api/v2/version/16/"
            }
        },
        {
            "game_index": 412,
            "version": {
                "name": "black",
                "url": "https://pokeapi.co/api/v2/version/17/"
            }
        },
        {
            "game_index": 412,
            "version": {
                "name": "white",
                "url": "https://pokeapi.co/api/v2/version/18/"
            }
        },
        {
            "game_index": 412,
            "version": {
                "name": "black-2",
                "url": "https://pokeapi.co/api/v2/version/21/"
            }
        },
        {
            "game_index": 412,
            "version": {
                "name": "white-2",
                "url": "https://pokeapi.co/api/v2/version/22/"
            }
        }
    ],
    "height": 2,
    "held_items": [],
    "id": 412,
    "is_default": true,
    "location_area_encounters": "https://pokeapi.co/api/v2/pokemon/412/encounters",
    "moves": [
        {
            "move": {
                "name": "tackle",
                "url": "https://pokeapi.co/api/v2/move/33/"
            },
            "version_group_details": [
                {
                    "level_learned_at": 10,
                    "move_learn_method": {
                        "name": "level-up",
                        "url": "https://pokeapi.co/api/v2/move-learn-method/1/"
                    },
                    "order": null,
                    "version_group": {
                        "name": "diamond-pearl",
                        "url": "https://pokeapi.co/api/v2/version-group/8/"
                    }
                },
                {
                    "level_learned_at": 10,
                    "move_learn_method": {
                        "name": "level-up",
                        "url": "https://pokeapi.co/api/v2/move-learn-method/1/"
                    },
                    "order": null,
                    "version_group": {
                        "name": "platinum",
                        "url": "https://pokeapi.co/api/v2/version-group/9/"
                    }
                },
                {
                    "level_learned_at": 10,
                    "move_learn_method": {
                        "name": "level-up",
                        "url": "https://pokeapi.co/api/v2/move-learn-method/1/"
                    },
                    "order": null,
                    "version_group": {
                        "name": "heartgold-soulsilver",
                        "url": "https://pokeapi.co/api/v2/version-group/10/"
                    }
                },
                {
                    "level_learned_at": 10,
                    "move_learn_method": {
                        "name": "level-up",
                        "url": "https://pokeapi.co/api/v2/move-learn-method/1/"
                    },
                    "order": null,
                    "version_group": {
                        "name": "black-white",
                        "url": "https://pokeapi.co/api/v2/version-group/11/"
                    }
                },
                {
                    "level_learned_at": 10,
                    "move_learn_method": {
                        "name": "level-up",
                        "url": "https://pokeapi.co/api/v2/move-learn-method/1/"
                    },
                    "order": null,
                    "version_group": {
                        "name": "black-2-white-2",
                        "url": "https://pokeapi.co/api/v2/version-group/14/"
                    }
                },
                {
                    "level_learned_at": 10,
                    "move_learn_method": {
                        "name": "level-up",
                        "url": "https://pokeapi.co/api/v2/move-learn-method/1/"
                    },
                    "order": null,
                    "version_group": {
                        "name": "x-y",
                        "url": "https://pokeapi.co/api/v2/version-group/15/"
                    }
                },
                {
                    "level_learned_at": 10,
                    "move_learn_method": {
                        "name": "level-up",
                        "url": "https://pokeapi.co/api/v2/move-learn-method/1/"
                    },
                    "order": null,
                    "version_group": {
                        "name": "omega-ruby-alpha-sapphire",
                        "url": "https://pokeapi.co/api/v2/version-group/16/"
                    }
                },
                {
                    "level_learned_at": 10,
                    "move_learn_method": {
                        "name": "level-up",
                        "url": "https://pokeapi.co/api/v2/move-learn-method/1/"
                    },
                    "order": null,
                    "version_group": {
                        "name": "sun-moon",
                        "url": "https://pokeapi.co/api/v2/version-group/17/"
                    }
                },
                {
                    "level_learned_at": 10,
                    "move_learn_method": {
                        "name": "level-up",
                        "url": "https://pokeapi.co/api/v2/move-learn-method/1/"
                    },
                    "order": null,
                    "version_group": {
                        "name": "ultra-sun-ultra-moon",
                        "url": "https://pokeapi.co/api/v2/version-group/18/"
                    }
                },
                {
                    "level_learned_at": 10,
                    "move_learn_method": {
                        "name": "level-up",
                        "url": "https://pokeapi.co/api/v2/move-learn-method/1/"
                    },
                    "order": null,
                    "version_group": {
                        "name": "brilliant-diamond-and-shining-pearl",
                        "url": "https://pokeapi.co/api/v2/version-group/23/"
                    }
                }
            ]
        },
        {
            "move": {
                "name": "string-shot",
                "url": "https://pokeapi.co/api/v2/move/81/"
            },
            "version_group_details": [
                {
                    "level_learned_at": 0,
                    "move_learn_method": {
                        "name": "tutor",
                        "url": "https://pokeapi.co/api/v2/move-learn-method/3/"
                    },
                    "order": null,
                    "version_group": {
                        "name": "heartgold-soulsilver",
                        "url": "https://pokeapi.co/api/v2/version-group/10/"
                    }
                },
                {
                    "level_learned_at": 20,
                    "move_learn_method": {
                        "name": "level-up",
                        "url": "https://pokeapi.co/api/v2/move-learn-method/1/"
                    },
                    "order": null,
                    "version_group": {
                        "name": "brilliant-diamond-and-shining-pearl",
                        "url": "https://pokeapi.co/api/v2/version-group/23/"
                    }
                }
            ]
        },
        {
            "move": {
                "name": "snore",
                "url": "https://pokeapi.co/api/v2/move/173/"
            },
            "version_group_details": [
                {
                    "level_learned_at": 0,
                    "move_learn_method": {
                        "name": "tutor",
                        "url": "https://pokeapi.co/api/v2/move-learn-method/3/"
                    },
                    "order": null,
                    "version_group": {
                        "name": "platinum",
                        "url": "https://pokeapi.co/api/v2/version-group/9/"
                    }
                },
                {
                    "level_learned_at": 0,
                    "move_learn_method": {
                        "name": "tutor",
                        "url": "https://pokeapi.co/api/v2/move-learn-method/3/"
                    },
                    "order": null,
                    "version_group": {
                        "name": "heartgold-soulsilver",
                        "url": "https://pokeapi.co/api/v2/version-group/10/"
                    }
                },
                {
                    "level_learned_at": 0,
                    "move_learn_method": {
                        "name": "tutor",
                        "url": "https://pokeapi.co/api/v2/move-learn-method/3/"
                    },
                    "order": null,
                    "version_group": {
                        "name": "black-2-white-2",
                        "url": "https://pokeapi.co/api/v2/version-group/14/"
                    }
                },
                {
                    "level_learned_at": 0,
                    "move_learn_method": {
                        "name": "tutor",
                        "url": "https://pokeapi.co/api/v2/move-learn-method/3/"
                    },
                    "order": null,
                    "version_group": {
                        "name": "omega-ruby-alpha-sapphire",
                        "url": "https://pokeapi.co/api/v2/version-group/16/"
                    }
                },
                {
                    "level_learned_at": 0,
                    "move_learn_method": {
                        "name": "tutor",
                        "url": "https://pokeapi.co/api/v2/move-learn-method/3/"
                    },
                    "order": null,
                    "version_group": {
                        "name": "ultra-sun-ultra-moon",
                        "url": "https://pokeapi.co/api/v2/version-group/18/"
                    }
                }
            ]
        },
        {
            "move": {
                "name": "protect",
                "url": "https://pokeapi.co/api/v2/move/182/"
            },
            "version_group_details": [
                {
                    "level_learned_at": 1,
                    "move_learn_method": {
                        "name": "level-up",
                        "url": "https://pokeapi.co/api/v2/move-learn-method/1/"
                    },
                    "order": null,
                    "version_group": {
                        "name": "diamond-pearl",
                        "url": "https://pokeapi.co/api/v2/version-group/8/"
                    }
                },
                {
                    "level_learned_at": 1,
                    "move_learn_method": {
                        "name": "level-up",
                        "url": "https://pokeapi.co/api/v2/move-learn-method/1/"
                    },
                    "order": null,
                    "version_group": {
                        "name": "platinum",
                        "url": "https://pokeapi.co/api/v2/version-group/9/"
                    }
                },
                {
                    "level_learned_at": 1,
                    "move_learn_method": {
                        "name": "level-up",
                        "url": "https://pokeapi.co/api/v2/move-learn-method/1/"
                    },
                    "order": null,
                    "version_group": {
                        "name": "heartgold-soulsilver",
                        "url": "https://pokeapi.co/api/v2/version-group/10/"
                    }
                },
                {
                    "level_learned_at": 1,
                    "move_learn_method": {
                        "name": "level-up",
                        "url": "https://pokeapi.co/api/v2/move-learn-method/1/"
                    },
                    "order": null,
                    "version_group": {
                        "name": "black-white",
                        "url": "https://pokeapi.co/api/v2/version-group/11/"
                    }
                },
                {
                    "level_learned_at": 1,
                    "move_learn_method": {
                        "name": "level-up",
                        "url": "https://pokeapi.co/api/v2/move-learn-method/1/"
                    },
                    "order": null,
                    "version_group": {
                        "name": "black-2-white-2",
                        "url": "https://pokeapi.co/api/v2/version-group/14/"
                    }
                },
                {
                    "level_learned_at": 1,
                    "move_learn_method": {
                        "name": "level-up",
                        "url": "https://pokeapi.co/api/v2/move-learn-method/1/"
                    },
                    "order": null,
                    "version_group": {
                        "name": "x-y",
                        "url": "https://pokeapi.co/api/v2/version-group/15/"
                    }
                },
                {
                    "level_learned_at": 0,
                    "move_learn_method": {
                        "name": "machine",
                        "url": "https://pokeapi.co/api/v2/move-learn-method/4/"
                    },
                    "order": null,
                    "version_group": {
                        "name": "x-y",
                        "url": "https://pokeapi.co/api/v2/version-group/15/"
                    }
                },
                {
                    "level_learned_at": 1,
                    "move_learn_method": {
                        "name": "level-up",
                        "url": "https://pokeapi.co/api/v2/move-learn-method/1/"
                    },
                    "order": null,
                    "version_group": {
                        "name": "omega-ruby-alpha-sapphire",
                        "url": "https://pokeapi.co/api/v2/version-group/16/"
                    }
                },
                {
                    "level_learned_at": 0,
                    "move_learn_method": {
                        "name": "machine",
                        "url": "https://pokeapi.co/api/v2/move-learn-method/4/"
                    },
                    "order": null,
                    "version_group": {
                        "name": "omega-ruby-alpha-sapphire",
                        "url": "https://pokeapi.co/api/v2/version-group/16/"
                    }
                },
                {
                    "level_learned_at": 1,
                    "move_learn_method": {
                        "name": "level-up",
                        "url": "https://pokeapi.co/api/v2/move-learn-method/1/"
                    },
                    "order": null,
                    "version_group": {
                        "name": "sun-moon",
                        "url": "https://pokeapi.co/api/v2/version-group/17/"
                    }
                },
                {
                    "level_learned_at": 0,
                    "move_learn_method": {
                        "name": "machine",
                        "url": "https://pokeapi.co/api/v2/move-learn-method/4/"
                    },
                    "order": null,
                    "version_group": {
                        "name": "sun-moon",
                        "url": "https://pokeapi.co/api/v2/version-group/17/"
                    }
                },
                {
                    "level_learned_at": 1,
                    "move_learn_method": {
                        "name": "level-up",
                        "url": "https://pokeapi.co/api/v2/move-learn-method/1/"
                    },
                    "order": null,
                    "version_group": {
                        "name": "ultra-sun-ultra-moon",
                        "url": "https://pokeapi.co/api/v2/version-group/18/"
                    }
                },
                {
                    "level_learned_at": 0,
                    "move_learn_method": {
                        "name": "machine",
                        "url": "https://pokeapi.co/api/v2/move-learn-method/4/"
                    },
                    "order": null,
                    "version_group": {
                        "name": "ultra-sun-ultra-moon",
                        "url": "https://pokeapi.co/api/v2/version-group/18/"
                    }
                },
                {
                    "level_learned_at": 1,
                    "move_learn_method": {
                        "name": "level-up",
                        "url": "https://pokeapi.co/api/v2/move-learn-method/1/"
                    },
                    "order": null,
                    "version_group": {
                        "name": "brilliant-diamond-and-shining-pearl",
                        "url": "https://pokeapi.co/api/v2/version-group/23/"
                    }
                },
                {
                    "level_learned_at": 0,
                    "move_learn_method": {
                        "name": "machine",
                        "url": "https://pokeapi.co/api/v2/move-learn-method/4/"
                    },
                    "order": null,
                    "version_group": {
                        "name": "brilliant-diamond-and-shining-pearl",
                        "url": "https://pokeapi.co/api/v2/version-group/23/"
                    }
                }
            ]
        },
        {
            "move": {
                "name": "hidden-power",
                "url": "https://pokeapi.co/api/v2/move/237/"
            },
            "version_group_details": [
                {
                    "level_learned_at": 20,
                    "move_learn_method": {
                        "name": "level-up",
                        "url": "https://pokeapi.co/api/v2/move-learn-method/1/"
                    },
                    "order": null,
                    "version_group": {
                        "name": "diamond-pearl",
                        "url": "https://pokeapi.co/api/v2/version-group/8/"
                    }
                },
                {
                    "level_learned_at": 20,
                    "move_learn_method": {
                        "name": "level-up",
                        "url": "https://pokeapi.co/api/v2/move-learn-method/1/"
                    },
                    "order": null,
                    "version_group": {
                        "name": "platinum",
                        "url": "https://pokeapi.co/api/v2/version-group/9/"
                    }
                },
                {
                    "level_learned_at": 20,
                    "move_learn_method": {
                        "name": "level-up",
                        "url": "https://pokeapi.co/api/v2/move-learn-method/1/"
                    },
                    "order": null,
                    "version_group": {
                        "name": "heartgold-soulsilver",
                        "url": "https://pokeapi.co/api/v2/version-group/10/"
                    }
                },
                {
                    "level_learned_at": 20,
                    "move_learn_method": {
                        "name": "level-up",
                        "url": "https://pokeapi.co/api/v2/move-learn-method/1/"
                    },
                    "order": null,
                    "version_group": {
                        "name": "black-white",
                        "url": "https://pokeapi.co/api/v2/version-group/11/"
                    }
                },
                {
                    "level_learned_at": 20,
                    "move_learn_method": {
                        "name": "level-up",
                        "url": "https://pokeapi.co/api/v2/move-learn-method/1/"
                    },
                    "order": null,
                    "version_group": {
                        "name": "black-2-white-2",
                        "url": "https://pokeapi.co/api/v2/version-group/14/"
                    }
                },
                {
                    "level_learned_at": 20,
                    "move_learn_method": {
                        "name": "level-up",
                        "url": "https://pokeapi.co/api/v2/move-learn-method/1/"
                    },
                    "order": null,
                    "version_group": {
                        "name": "x-y",
                        "url": "https://pokeapi.co/api/v2/version-group/15/"
                    }
                },
                {
                    "level_learned_at": 0,
                    "move_learn_method": {
                        "name": "machine",
                        "url": "https://pokeapi.co/api/v2/move-learn-method/4/"
                    },
                    "order": null,
                    "version_group": {
                        "name": "x-y",
                        "url": "https://pokeapi.co/api/v2/version-group/15/"
                    }
                },
                {
                    "level_learned_at": 20,
                    "move_learn_method": {
                        "name": "level-up",
                        "url": "https://pokeapi.co/api/v2/move-learn-method/1/"
                    },
                    "order": null,
                    "version_group": {
                        "name": "omega-ruby-alpha-sapphire",
                        "url": "https://pokeapi.co/api/v2/version-group/16/"
                    }
                },
                {
                    "level_learned_at": 0,
                    "move_learn_method": {
                        "name": "machine",
                        "url": "https://pokeapi.co/api/v2/move-learn-method/4/"
                    },
                    "order": null,
                    "version_group": {
                        "name": "omega-ruby-alpha-sapphire",
                        "url": "https://pokeapi.co/api/v2/version-group/16/"
                    }
                },
                {
                    "level_learned_at": 20,
                    "move_learn_method": {
                        "name": "level-up",
                        "url": "https://pokeapi.co/api/v2/move-learn-method/1/"
                    },
                    "order": null,
                    "version_group": {
                        "name": "sun-moon",
                        "url": "https://pokeapi.co/api/v2/version-group/17/"
                    }
                },
                {
                    "level_learned_at": 0,
                    "move_learn_method": {
                        "name": "machine",
                        "url": "https://pokeapi.co/api/v2/move-learn-method/4/"
                    },
                    "order": null,
                    "version_group": {
                        "name": "sun-moon",
                        "url": "https://pokeapi.co/api/v2/version-group/17/"
                    }
                },
                {
                    "level_learned_at": 20,
                    "move_learn_method": {
                        "name": "level-up",
                        "url": "https://pokeapi.co/api/v2/move-learn-method/1/"
                    },
                    "order": null,
                    "version_group": {
                        "name": "ultra-sun-ultra-moon",
                        "url": "https://pokeapi.co/api/v2/version-group/18/"
                    }
                },
                {
                    "level_learned_at": 0,
                    "move_learn_method": {
                        "name": "machine",
                        "url": "https://pokeapi.co/api/v2/move-learn-method/4/"
                    },
                    "order": null,
                    "version_group": {
                        "name": "ultra-sun-ultra-moon",
                        "url": "https://pokeapi.co/api/v2/version-group/18/"
                    }
                }
            ]
        },
        {
            "move": {
                "name": "bug-bite",
                "url": "https://pokeapi.co/api/v2/move/450/"
            },
            "version_group_details": [
                {
                    "level_learned_at": 15,
                    "move_learn_method": {
                        "name": "level-up",
                        "url": "https://pokeapi.co/api/v2/move-learn-method/1/"
                    },
                    "order": null,
                    "version_group": {
                        "name": "platinum",
                        "url": "https://pokeapi.co/api/v2/version-group/9/"
                    }
                },
                {
                    "level_learned_at": 15,
                    "move_learn_method": {
                        "name": "level-up",
                        "url": "https://pokeapi.co/api/v2/move-learn-method/1/"
                    },
                    "order": null,
                    "version_group": {
                        "name": "heartgold-soulsilver",
                        "url": "https://pokeapi.co/api/v2/version-group/10/"
                    }
                },
                {
                    "level_learned_at": 0,
                    "move_learn_method": {
                        "name": "tutor",
                        "url": "https://pokeapi.co/api/v2/move-learn-method/3/"
                    },
                    "order": null,
                    "version_group": {
                        "name": "heartgold-soulsilver",
                        "url": "https://pokeapi.co/api/v2/version-group/10/"
                    }
                },
                {
                    "level_learned_at": 15,
                    "move_learn_method": {
                        "name": "level-up",
                        "url": "https://pokeapi.co/api/v2/move-learn-method/1/"
                    },
                    "order": null,
                    "version_group": {
                        "name": "black-white",
                        "url": "https://pokeapi.co/api/v2/version-group/11/"
                    }
                },
                {
                    "level_learned_at": 15,
                    "move_learn_method": {
                        "name": "level-up",
                        "url": "https://pokeapi.co/api/v2/move-learn-method/1/"
                    },
                    "order": null,
                    "version_group": {
                        "name": "black-2-white-2",
                        "url": "https://pokeapi.co/api/v2/version-group/14/"
                    }
                },
                {
                    "level_learned_at": 0,
                    "move_learn_method": {
                        "name": "tutor",
                        "url": "https://pokeapi.co/api/v2/move-learn-method/3/"
                    },
                    "order": null,
                    "version_group": {
                        "name": "black-2-white-2",
                        "url": "https://pokeapi.co/api/v2/version-group/14/"
                    }
                },
                {
                    "level_learned_at": 15,
                    "move_learn_method": {
                        "name": "level-up",
                        "url": "https://pokeapi.co/api/v2/move-learn-method/1/"
                    },
                    "order": null,
                    "version_group": {
                        "name": "x-y",
                        "url": "https://pokeapi.co/api/v2/version-group/15/"
                    }
                },
                {
                    "level_learned_at": 15,
                    "move_learn_method": {
                        "name": "level-up",
                        "url": "https://pokeapi.co/api/v2/move-learn-method/1/"
                    },
                    "order": null,
                    "version_group": {
                        "name": "omega-ruby-alpha-sapphire",
                        "url": "https://pokeapi.co/api/v2/version-group/16/"
                    }
                },
                {
                    "level_learned_at": 0,
                    "move_learn_method": {
                        "name": "tutor",
                        "url": "https://pokeapi.co/api/v2/move-learn-method/3/"
                    },
                    "order": null,
                    "version_group": {
                        "name": "omega-ruby-alpha-sapphire",
                        "url": "https://pokeapi.co/api/v2/version-group/16/"
                    }
                },
                {
                    "level_learned_at": 15,
                    "move_learn_method": {
                        "name": "level-up",
                        "url": "https://pokeapi.co/api/v2/move-learn-method/1/"
                    },
                    "order": null,
                    "version_group": {
                        "name": "sun-moon",
                        "url": "https://pokeapi.co/api/v2/version-group/17/"
                    }
                },
                {
                    "level_learned_at": 15,
                    "move_learn_method": {
                        "name": "level-up",
                        "url": "https://pokeapi.co/api/v2/move-learn-method/1/"
                    },
                    "order": null,
                    "version_group": {
                        "name": "ultra-sun-ultra-moon",
                        "url": "https://pokeapi.co/api/v2/version-group/18/"
                    }
                },
                {
                    "level_learned_at": 0,
                    "move_learn_method": {
                        "name": "tutor",
                        "url": "https://pokeapi.co/api/v2/move-learn-method/3/"
                    },
                    "order": null,
                    "version_group": {
                        "name": "ultra-sun-ultra-moon",
                        "url": "https://pokeapi.co/api/v2/version-group/18/"
                    }
                },
                {
                    "level_learned_at": 15,
                    "move_learn_method": {
                        "name": "level-up",
                        "url": "https://pokeapi.co/api/v2/move-learn-method/1/"
                    },
                    "order": null,
                    "version_group": {
                        "name": "brilliant-diamond-and-shining-pearl",
                        "url": "https://pokeapi.co/api/v2/version-group/23/"
                    }
                }
            ]
        },
        {
            "move": {
                "name": "struggle-bug",
                "url": "https://pokeapi.co/api/v2/move/522/"
            },
            "version_group_details": [
                {
                    "level_learned_at": 1,
                    "move_learn_method": {
                        "name": "level-up",
                        "url": "https://pokeapi.co/api/v2/move-learn-method/1/"
                    },
                    "order": null,
                    "version_group": {
                        "name": "legends-arceus",
                        "url": "https://pokeapi.co/api/v2/version-group/24/"
                    }
                }
            ]
        },
        {
            "move": {
                "name": "electroweb",
                "url": "https://pokeapi.co/api/v2/move/527/"
            },
            "version_group_details": [
                {
                    "level_learned_at": 0,
                    "move_learn_method": {
                        "name": "tutor",
                        "url": "https://pokeapi.co/api/v2/move-learn-method/3/"
                    },
                    "order": null,
                    "version_group": {
                        "name": "black-2-white-2",
                        "url": "https://pokeapi.co/api/v2/version-group/14/"
                    }
                },
                {
                    "level_learned_at": 0,
                    "move_learn_method": {
                        "name": "tutor",
                        "url": "https://pokeapi.co/api/v2/move-learn-method/3/"
                    },
                    "order": null,
                    "version_group": {
                        "name": "omega-ruby-alpha-sapphire",
                        "url": "https://pokeapi.co/api/v2/version-group/16/"
                    }
                },
                {
                    "level_learned_at": 0,
                    "move_learn_method": {
                        "name": "tutor",
                        "url": "https://pokeapi.co/api/v2/move-learn-method/3/"
                    },
                    "order": null,
                    "version_group": {
                        "name": "ultra-sun-ultra-moon",
                        "url": "https://pokeapi.co/api/v2/version-group/18/"
                    }
                }
            ]
        }
    ],
    "name": "burmy",
    "order": 541,
    "past_abilities": [
        {
            "abilities": [
                {
                    "ability": null,
                    "is_hidden": true,
                    "slot": 3
                }
            ],
            "generation": {
                "name": "generation-iv",
                "url": "https://pokeapi.co/api/v2/generation/4/"
            }
        }
    ],
    "past_types": [],
    "species": {
        "name": "burmy",
        "url": "https://pokeapi.co/api/v2/pokemon-species/412/"
    },
    "sprites": {
        "back_default": "https://raw.githubusercontent.com/PokeAPI/sprites/master/sprites/pokemon/back/412.png",
        "back_female": null,
        "back_shiny": "https://raw.githubusercontent.com/PokeAPI/sprites/master/sprites/pokemon/back/shiny/412.png",
        "back_shiny_female": null,
        "front_default": "https://raw.githubusercontent.com/PokeAPI/sprites/master/sprites/pokemon/412.png",
        "front_female": null,
        "front_shiny": "https://raw.githubusercontent.com/PokeAPI/sprites/master/sprites/pokemon/shiny/412.png",
        "front_shiny_female": null,
        "other": {
            "dream_world": {
                "front_default": "https://raw.githubusercontent.com/PokeAPI/sprites/master/sprites/pokemon/other/dream-world/412.svg",
                "front_female": null
            },
            "home": {
                "front_default": "https://raw.githubusercontent.com/PokeAPI/sprites/master/sprites/pokemon/other/home/412.png",
                "front_female": null,
                "front_shiny": "https://raw.githubusercontent.com/PokeAPI/sprites/master/sprites/pokemon/other/home/shiny/412.png",
                "front_shiny_female": null
            },
            "official-artwork": {
                "front_default": "https://raw.githubusercontent.com/PokeAPI/sprites/master/sprites/pokemon/other/official-artwork/412.png",
                "front_shiny": "https://raw.githubusercontent.com/PokeAPI/sprites/master/sprites/pokemon/other/official-artwork/shiny/412.png"
            },
            "showdown": {
                "back_default": "https://raw.githubusercontent.com/PokeAPI/sprites/master/sprites/pokemon/other/showdown/back/412.gif",
                "back_female": null,
                "back_shiny": "https://raw.githubusercontent.com/PokeAPI/sprites/master/sprites/pokemon/other/showdown/back/shiny/412.gif",
                "back_shiny_female": null,
                "front_default": "https://raw.githubusercontent.com/PokeAPI/sprites/master/sprites/pokemon/other/showdown/412.gif",
                "front_female": null,
                "front_shiny": "https://raw.githubusercontent.com/PokeAPI/sprites/master/sprites/pokemon/other/showdown/shiny/412.gif",
                "front_shiny_female": null
            }
        },
        "versions": {
            "generation-i": {
                "red-blue": {
                    "back_default": null,
                    "back_gray": null,
                    "back_transparent": null,
                    "front_default": null,
                    "front_gray": null,
                    "front_transparent": null
                },
                "yellow": {
                    "back_default": null,
                    "back_gray": null,
                    "back_transparent": null,
                    "front_default": null,
                    "front_gray": null,
                    "front_transparent": null
                }
            },
            "generation-ii": {
                "crystal": {
                    "back_default": null,
                    "back_shiny": null,
                    "back_shiny_transparent": null,
                    "back_transparent": null,
                    "front_default": null,
                    "front_shiny": null,
                    "front_shiny_transparent": null,
                    "front_transparent": null
                },
                "gold": {
                    "back_default": null,
                    "back_shiny": null,
                    "front_default": null,
                    "front_shiny": null,
                    "front_transparent": null
                },
                "silver": {
                    "back_default": null,
                    "back_shiny": null,
                    "front_default": null,
                    "front_shiny": null,
                    "front_transparent": null
                }
            },
            "generation-iii": {
                "emerald": {
                    "front_default": null,
                    "front_shiny": null
                },
                "firered-leafgreen": {
                    "back_default": null,
                    "back_shiny": null,
                    "front_default": null,
                    "front_shiny": null
                },
                "ruby-sapphire": {
                    "back_default": null,
                    "back_shiny": null,
                    "front_default": null,
                    "front_shiny": null
                }
            },
            "generation-iv": {
                "diamond-pearl": {
                    "back_default": "https://raw.githubusercontent.com/PokeAPI/sprites/master/sprites/pokemon/versions/generation-iv/diamond-pearl/back/412.png",
                    "back_female": null,
                    "back_shiny": "https://raw.githubusercontent.com/PokeAPI/sprites/master/sprites/pokemon/versions/generation-iv/diamond-pearl/back/shiny/412.png",
                    "back_shiny_female": null,
                    "front_default": "https://raw.githubusercontent.com/PokeAPI/sprites/master/sprites/pokemon/versions/generation-iv/diamond-pearl/412.png",
                    "front_female": null,
                    "front_shiny": "https://raw.githubusercontent.com/PokeAPI/sprites/master/sprites/pokemon/versions/generation-iv/diamond-pearl/shiny/412.png",
                    "front_shiny_female": null
                },
                "heartgold-soulsilver": {
                    "back_default": "https://raw.githubusercontent.com/PokeAPI/sprites/master/sprites/pokemon/versions/generation-iv/heartgold-soulsilver/back/412.png",
                    "back_female": null,
                    "back_shiny": "https://raw.githubusercontent.com/PokeAPI/sprites/master/sprites/pokemon/versions/generation-iv/heartgold-soulsilver/back/shiny/412.png",
                    "back_shiny_female": null,
                    "front_default": "https://raw.githubusercontent.com/PokeAPI/sprites/master/sprites/pokemon/versions/generation-iv/heartgold-soulsilver/412.png",
                    "front_female": null,
                    "front_shiny": "https://raw.githubusercontent.com/PokeAPI/sprites/master/sprites/pokemon/versions/generation-iv/heartgold-soulsilver/shiny/412.png",
                    "front_shiny_female": null
                },
                "platinum": {
                    "back_default": "https://raw.githubusercontent.com/PokeAPI/sprites/master/sprites/pokemon/versions/generation-iv/platinum/back/412.png",
                    "back_female": null,
                    "back_shiny": "https://raw.githubusercontent.com/PokeAPI/sprites/master/sprites/pokemon/versions/generation-iv/platinum/back/shiny/412.png",
                    "back_shiny_female": null,
                    "front_default": "https://raw.githubusercontent.com/PokeAPI/sprites/master/sprites/pokemon/versions/generation-iv/platinum/412.png",
                    "front_female": null,
                    "front_shiny": "https://raw.githubusercontent.com/PokeAPI/sprites/master/sprites/pokemon/versions/generation-iv/platinum/shiny/412.png",
                    "front_shiny_female": null
                }
            },
            "generation-v": {
                "black-white": {
                    "animated": {
                        "back_default": "https://raw.githubusercontent.com/PokeAPI/sprites/master/sprites/pokemon/versions/generation-v/black-white/animated/back/412.gif",
                        "back_female": null,
                        "back_shiny": "https://raw.githubusercontent.com/PokeAPI/sprites/master/sprites/pokemon/versions/generation-v/black-white/animated/back/shiny/412.gif",
                        "back_shiny_female": null,
                        "front_default": "https://raw.githubusercontent.com/PokeAPI/sprites/master/sprites/pokemon/versions/generation-v/black-white/animated/412.gif",
                        "front_female": null,
                        "front_shiny": "https://raw.githubusercontent.com/PokeAPI/sprites/master/sprites/pokemon/versions/generation-v/black-white/animated/shiny/412.gif",
                        "front_shiny_female": null
                    },
                    "back_default": "https://raw.githubusercontent.com/PokeAPI/sprites/master/sprites/pokemon/versions/generation-v/black-white/back/412.png",
                    "back_female": null,
                    "back_shiny": "https://raw.githubusercontent.com/PokeAPI/sprites/master/sprites/pokemon/versions/generation-v/black-white/back/shiny/412.png",
                    "back_shiny_female": null,
                    "front_default": "https://raw.githubusercontent.com/PokeAPI/sprites/master/sprites/pokemon/versions/generation-v/black-white/412.png",
                    "front_female": null,
                    "front_shiny": "https://raw.githubusercontent.com/PokeAPI/sprites/master/sprites/pokemon/versions/generation-v/black-white/shiny/412.png",
                    "front_shiny_female": null
                }
            },
            "generation-vi": {
                "omegaruby-alphasapphire": {
                    "front_default": "https://raw.githubusercontent.com/PokeAPI/sprites/master/sprites/pokemon/versions/generation-vi/omegaruby-alphasapphire/412.png",
                    "front_female": null,
                    "front_shiny": "https://raw.githubusercontent.com/PokeAPI/sprites/master/sprites/pokemon/versions/generation-vi/omegaruby-alphasapphire/shiny/412.png",
                    "front_shiny_female": null
                },
                "x-y": {
                    "front_default": "https://raw.githubusercontent.com/PokeAPI/sprites/master/sprites/pokemon/versions/generation-vi/x-y/412.png",
                    "front_female": null,
                    "front_shiny": "https://raw.githubusercontent.com/PokeAPI/sprites/master/sprites/pokemon/versions/generation-vi/x-y/shiny/412.png",
                    "front_shiny_female": null
                }
            },
            "generation-vii": {
                "icons": {
                    "front_default": "https://raw.githubusercontent.com/PokeAPI/sprites/master/sprites/pokemon/versions/generation-vii/icons/412.png",
                    "front_female": null
                },
                "ultra-sun-ultra-moon": {
                    "front_default": "https://raw.githubusercontent.com/PokeAPI/sprites/master/sprites/pokemon/versions/generation-vii/ultra-sun-ultra-moon/412.png",
                    "front_female": null,
                    "front_shiny": "https://raw.githubusercontent.com/PokeAPI/sprites/master/sprites/pokemon/versions/generation-vii/ultra-sun-ultra-moon/shiny/412.png",
                    "front_shiny_female": null
                }
            },
            "generation-viii": {
                "icons": {
                    "front_default": "https://raw.githubusercontent.com/PokeAPI/sprites/master/sprites/pokemon/versions/generation-viii/icons/412.png",
                    "front_female": null
                }
            }
        }
    },
    "stats": [
        {
            "base_stat": 40,
            "effort": 0,
            "stat": {
                "name": "hp",
                "url": "https://pokeapi.co/api/v2/stat/1/"
            }
        },
        {
            "base_stat": 29,
            "effort": 0,
            "stat": {
                "name": "attack",
                "url": "https://pokeapi.co/api/v2/stat/2/"
            }
        },
        {
            "base_stat": 45,
            "effort": 0,
            "stat": {
                "name": "defense",
                "url": "https://pokeapi.co/api/v2/stat/3/"
            }
        },
        {
            "base_stat": 29,
            "effort": 0,
            "stat": {
                "name": "special-attack",
                "url": "https://pokeapi.co/api/v2/stat/4/"
            }
        },
        {
            "base_stat": 45,
            "effort": 1,
            "stat": {
                "name": "special-defense",
                "url": "https://pokeapi.co/api/v2/stat/5/"
            }
        },
        {
            "base_stat": 36,
            "effort": 0,
            "stat": {
                "name": "speed",
                "url": "https://pokeapi.co/api/v2/stat/6/"
            }
        }
    ],
    "types": [
        {
            "slot": 1,
            "type": {
                "name": "bug",
                "url": "https://pokeapi.co/api/v2/type/7/"
            }
        }
    ],
    "weight": 34
}