{
    "abilities": [
        {
            "ability": {
                "name": "flash-fire",
                "url": "https://pokeapi.co/api/v2/ability/18/"
            },
            "is_hidden": false,
            "slot": 1
        },
        {
            "ability": {
                "name": "flame-body",
                "url": "https://pokeapi.co/api/v2/ability/49/"
            },
            "is_hidden": true,
            "slot": 3
        }
    ],
    "base_experience": 51,
    "cries": {
        "latest": "https://raw.githubusercontent.com/PokeAPI/cries/main/cries/pokemon/latest/935.ogg",
        "legacy": null
    },
    "forms": [
        {
            "name": "charcadet",
            "url": "https://pokeapi.co/api/v2/pokemon-form/935/"
        }
    ],
    "game_indices": [],
    "height": 6,
    "held_items": [],
    "id": 935,
    "is_default": true,
    "location_area_encounters": "https://pokeapi.co/api/v2/pokemon/935/encounters",
    "moves": [
        {
            "move": {
                "name": "take-down",
                "url": "https://pokeapi.co/api/v2/move/36/"
            },
            "version_group_details": [
                {
                    "level_learned_at": 0,
                    "move_learn_method": {
                        "name": "machine",
                        "url": "https://pokeapi.co/api/v2/move-learn-method/4/"
                    },
                    "order": null,
                    "version_group": {
                        "name": "scarlet-violet",
                        "url": "https://pokeapi.co/api/v2/version-group/25/"
                    }
                }
            ]
        },
        {
            "move": {
                "name": "leer",
                "url": "https://pokeapi.co/api/v2/move/43/"
            },
            "version_group_details": [
                {
                    "level_learned_at": 1,
                    "move_learn_method": {
                        "name": "level-up",
                        "url": "https://pokeapi.co/api/v2/move-learn-method/1/"
                    },
                    "order": 1,
                    "version_group": {
                        "name": "scarlet-violet",
                        "url": "https://pokeapi.co/api/v2/version-group/25/"
                    }
                }
            ]
        },
        {
            "move": {
                "name": "disable",
                "url": "https://pokeapi.co/api/v2/move/50/"
            },
            "version_group_details": [
                {
                    "level_learned_at": 0,
                    "move_learn_method": {
                        "name": "egg",
                        "url": "https://pokeapi.co/api/v2/move-learn-method/2/"
                    },
                    "order": null,
                    "version_group": {
                        "name": "scarlet-violet",
                        "url": "https://pokeapi.co/api/v2/version-group/25/"
                    }
                }
            ]
        },
        {
            "move": {
                "name": "ember",
                "url": "https://pokeapi.co/api/v2/move/52/"
            },
            "version_group_details": [
                {
                    "level_learned_at": 1,
                    "move_learn_method": {
                        "name": "level-up",
                        "url": "https://pokeapi.co/api/v2/move-learn-method/1/"
                    },
                    "order": 2,
                    "version_group": {
                        "name": "scarlet-violet",
                        "url": "https://pokeapi.co/api/v2/version-group/25/"
                    }
                }
            ]
        },
        {
            "move": {
                "name": "flamethrower",
                "url": "https://pokeapi.co/api/v2/move/53/"
            },
            "version_group_details": [
                {
                    "level_learned_at": 0,
                    "move_learn_method": {
                        "name": "machine",
                        "url": "https://pokeapi.co/api/v2/move-learn-method/4/"
                    },
                    "order": null,
                    "version_group": {
                        "name": "scarlet-violet",
                        "url": "https://pokeapi.co/api/v2/version-group/25/"
                    }
                }
            ]
        },
        {
            "move": {
                "name": "fire-spin",
                "url": "https://pokeapi.co/api/v2/move/83/"
            },
            "version_group_details": [
                {
                    "level_learned_at": 12,
                    "move_learn_method": {
                        "name": "level-up",
                        "url": "https://pokeapi.co/api/v2/move-learn-method/1/"
                    },
                    "order": null,
                    "version_group": {
                        "name": "scarlet-violet",
                        "url": "https://pokeapi.co/api/v2/version-group/25/"
                    }
                },
                {
                    "level_learned_at": 0,
                    "move_learn_method": {
                        "name": "machine",
                        "url": "https://pokeapi.co/api/v2/move-learn-method/4/"
                    },
                    "order": null,
                    "version_group": {
                        "name": "scarlet-violet",
                        "url": "https://pokeapi.co/api/v2/version-group/25/"
                    }
                }
            ]
        },
        {
            "move": {
                "name": "night-shade",
                "url": "https://pokeapi.co/api/v2/move/101/"
            },
            "version_group_details": [
                {
                    "level_learned_at": 20,
                    "move_learn_method": {
                        "name": "level-up",
                        "url": "https://pokeapi.co/api/v2/move-learn-method/1/"
                    },
                    "order": null,
                    "version_group": {
                        "name": "scarlet-violet",
                        "url": "https://pokeapi.co/api/v2/version-group/25/"
                    }
                },
                {
                    "level_learned_at": 0,
                    "move_learn_method": {
                        "name": "machine",
                        "url": "https://pokeapi.co/api/v2/move-learn-method/4/"
                    },
                    "order": null,
                    "version_group": {
                        "name": "scarlet-violet",
                        "url": "https://pokeapi.co/api/v2/version-group/25/"
                    }
                }
            ]
        },
        {
            "move": {
                "name": "confuse-ray",
                "url": "https://pokeapi.co/api/v2/move/109/"
            },
            "version_group_details": [
                {
                    "level_learned_at": 0,
                    "move_learn_method": {
                        "name": "machine",
                        "url": "https://pokeapi.co/api/v2/move-learn-method/4/"
                    },
                    "order": null,
                    "version_group": {
                        "name": "scarlet-violet",
                        "url": "https://pokeapi.co/api/v2/version-group/25/"
                    }
                }
            ]
        },
        {
            "move": {
                "name": "fire-blast",
                "url": "https://pokeapi.co/api/v2/move/126/"
            },
            "version_group_details": [
                {
                    "level_learned_at": 0,
                    "move_learn_method": {
                        "name": "machine",
                        "url": "https://pokeapi.co/api/v2/move-learn-method/4/"
                    },
                    "order": null,
                    "version_group": {
                        "name": "scarlet-violet",
                        "url": "https://pokeapi.co/api/v2/version-group/25/"
                    }
                }
            ]
        },
        {
            "move": {
                "name": "substitute",
                "url": "https://pokeapi.co/api/v2/move/164/"
            },
            "version_group_details": [
                {
                    "level_learned_at": 0,
                    "move_learn_method": {
                        "name": "machine",
                        "url": "https://pokeapi.co/api/v2/move-learn-method/4/"
                    },
                    "order": null,
                    "version_group": {
                        "name": "scarlet-violet",
                        "url": "https://pokeapi.co/api/v2/version-group/25/"
                    }
                }
            ]
        },
        {
            "move": {
                "name": "spite",
                "url": "https://pokeapi.co/api/v2/move/180/"
            },
            "version_group_details": [
                {
                    "level_learned_at": 0,
                    "move_learn_method": {
                        "name": "egg",
                        "url": "https://pokeapi.co/api/v2/move-learn-method/2/"
                    },
                    "order": null,
                    "version_group": {
                        "name": "scarlet-violet",
                        "url": "https://pokeapi.co/api/v2/version-group/25/"
                    }
                },
                {
                    "level_learned_at": 0,
                    "move_learn_method": {
                        "name": "machine",
                        "url": "https://pokeapi.co/api/v2/move-learn-method/4/"
                    },
                    "order": null,
                    "version_group": {
                        "name": "scarlet-violet",
                        "url": "https://pokeapi.co/api/v2/version-group/25/"
                    }
                }
            ]
        },
        {
            "move": {
                "name": "protect",
                "url": "https://pokeapi.co/api/v2/move/182/"
            },
            "version_group_details": [
                {
                    "level_learned_at": 0,
                    "move_learn_method": {
                        "name": "machine",
                        "url": "https://pokeapi.co/api/v2/move-learn-method/4/"
                    },
                    "order": null,
                    "version_group": {
                        "name": "scarlet-violet",
                        "url": "https://pokeapi.co/api/v2/version-group/25/"
                    }
                }
            ]
        },
        {
            "move": {
                "name": "destiny-bond",
                "url": "https://pokeapi.co/api/v2/move/194/"
            },
            "version_group_details": [
                {
                    "level_learned_at": 0,
                    "move_learn_method": {
                        "name": "egg",
                        "url": "https://pokeapi.co/api/v2/move-learn-method/2/"
                    },
                    "order": null,
                    "version_group": {
                        "name": "scarlet-violet",
                        "url": "https://pokeapi.co/api/v2/version-group/25/"
                    }
                }
            ]
        },
        {
            "move": {
                "name": "endure",
                "url": "https://pokeapi.co/api/v2/move/203/"
            },
            "version_group_details": [
                {
                    "level_learned_at": 0,
                    "move_learn_method": {
                        "name": "machine",
                        "url": "https://pokeapi.co/api/v2/move-learn-method/4/"
                    },
                    "order": null,
                    "version_group": {
                        "name": "scarlet-violet",
                        "url": "https://pokeapi.co/api/v2/version-group/25/"
                    }
                }
            ]
        },
        {
            "move": {
                "name": "sleep-talk",
                "url": "https://pokeapi.co/api/v2/move/214/"
            },
            "version_group_details": [
                {
                    "level_learned_at": 0,
                    "move_learn_method": {
                        "name": "machine",
                        "url": "https://pokeapi.co/api/v2/move-learn-method/4/"
                    },
                    "order": null,
                    "version_group": {
                        "name": "scarlet-violet",
                        "url": "https://pokeapi.co/api/v2/version-group/25/"
                    }
                }
            ]
        },
        {
            "move": {
                "name": "sunny-day",
                "url": "https://pokeapi.co/api/v2/move/241/"
            },
            "version_group_details": [
                {
                    "level_learned_at": 0,
                    "move_learn_method": {
                        "name": "machine",
                        "url": "https://pokeapi.co/api/v2/move-learn-method/4/"
                    },
                    "order": null,
                    "version_group": {
                        "name": "scarlet-violet",
                        "url": "https://pokeapi.co/api/v2/version-group/25/"
                    }
                }
            ]
        },
        {
            "move": {
                "name": "heat-wave",
                "url": "https://pokeapi.co/api/v2/move/257/"
            },
            "version_group_details": [
                {
                    "level_learned_at": 0,
                    "move_learn_method": {
                        "name": "machine",
                        "url": "https://pokeapi.co/api/v2/move-learn-method/4/"
                    },
                    "order": null,
                    "version_group": {
                        "name": "scarlet-violet",
                        "url": "https://pokeapi.co/api/v2/version-group/25/"
                    }
                }
            ]
        },
        {
            "move": {
                "name": "will-o-wisp",
                "url": "https://pokeapi.co/api/v2/move/261/"
            },
            "version_group_details": [
                {
                    "level_learned_at": 16,
                    "move_learn_method": {
                        "name": "level-up",
                        "url": "https://pokeapi.co/api/v2/move-learn-method/1/"
                    },
                    "order": null,
                    "version_group": {
                        "name": "scarlet-violet",
                        "url": "https://pokeapi.co/api/v2/version-group/25/"
                    }
                },
                {
                    "level_learned_at": 0,
                    "move_learn_method": {
                        "name": "machine",
                        "url": "https://pokeapi.co/api/v2/move-learn-method/4/"
                    },
                    "order": null,
                    "version_group": {
                        "name": "scarlet-violet",
                        "url": "https://pokeapi.co/api/v2/version-group/25/"
                    }
                }
            ]
        },
        {
            "move": {
                "name": "facade",
                "url": "https://pokeapi.co/api/v2/move/263/"
            },
            "version_group_details": [
                {
                    "level_learned_at": 0,
                    "move_learn_method": {
                        "name": "machine",
                        "url": "https://pokeapi.co/api/v2/move-learn-method/4/"
                    },
                    "order": null,
                    "version_group": {
                        "name": "scarlet-violet",
                        "url": "https://pokeapi.co/api/v2/version-group/25/"
                    }
                }
            ]
        },
        {
            "move": {
                "name": "helping-hand",
                "url": "https://pokeapi.co/api/v2/move/270/"
            },
            "version_group_details": [
                {
                    "level_learned_at": 0,
                    "move_learn_method": {
                        "name": "machine",
                        "url": "https://pokeapi.co/api/v2/move-learn-method/4/"
                    },
                    "order": null,
                    "version_group": {
                        "name": "scarlet-violet",
                        "url": "https://pokeapi.co/api/v2/version-group/25/"
                    }
                }
            ]
        },
        {
            "move": {
                "name": "astonish",
                "url": "https://pokeapi.co/api/v2/move/310/"
            },
            "version_group_details": [
                {
                    "level_learned_at": 1,
                    "move_learn_method": {
                        "name": "level-up",
                        "url": "https://pokeapi.co/api/v2/move-learn-method/1/"
                    },
                    "order": 3,
                    "version_group": {
                        "name": "scarlet-violet",
                        "url": "https://pokeapi.co/api/v2/version-group/25/"
                    }
                }
            ]
        },
        {
            "move": {
                "name": "overheat",
                "url": "https://pokeapi.co/api/v2/move/315/"
            },
            "version_group_details": [
                {
                    "level_learned_at": 0,
                    "move_learn_method": {
                        "name": "machine",
                        "url": "https://pokeapi.co/api/v2/move-learn-method/4/"
                    },
                    "order": null,
                    "version_group": {
                        "name": "scarlet-violet",
                        "url": "https://pokeapi.co/api/v2/version-group/25/"
                    }
                }
            ]
        },
        {
            "move": {
                "name": "flare-blitz",
                "url": "https://pokeapi.co/api/v2/move/394/"
            },
            "version_group_details": [
                {
                    "level_learned_at": 0,
                    "move_learn_method": {
                        "name": "machine",
                        "url": "https://pokeapi.co/api/v2/move-learn-method/4/"
                    },
                    "order": null,
                    "version_group": {
                        "name": "scarlet-violet",
                        "url": "https://pokeapi.co/api/v2/version-group/25/"
                    }
                }
            ]
        },
        {
            "move": {
                "name": "lava-plume",
                "url": "https://pokeapi.co/api/v2/move/436/"
            },
            "version_group_details": [
                {
                    "level_learned_at": 32,
                    "move_learn_method": {
                        "name": "level-up",
                        "url": "https://pokeapi.co/api/v2/move-learn-method/1/"
                    },
                    "order": null,
                    "version_group": {
                        "name": "scarlet-violet",
                        "url": "https://pokeapi.co/api/v2/version-group/25/"
                    }
                }
            ]
        },
        {
            "move": {
                "name": "flame-charge",
                "url": "https://pokeapi.co/api/v2/move/488/"
            },
            "version_group_details": [
                {
                    "level_learned_at": 24,
                    "move_learn_method": {
                        "name": "level-up",
                        "url": "https://pokeapi.co/api/v2/move-learn-method/1/"
                    },
                    "order": null,
                    "version_group": {
                        "name": "scarlet-violet",
                        "url": "https://pokeapi.co/api/v2/version-group/25/"
                    }
                },
                {
                    "level_learned_at": 0,
                    "move_learn_method": {
                        "name": "machine",
                        "url": "https://pokeapi.co/api/v2/move-learn-method/4/"
                    },
                    "order": null,
                    "version_group": {
                        "name": "scarlet-violet",
                        "url": "https://pokeapi.co/api/v2/version-group/25/"
                    }
                }
            ]
        },
        {
            "move": {
                "name": "clear-smog",
                "url": "https://pokeapi.co/api/v2/move/499/"
            },
            "version_group_details": [
                {
                    "level_learned_at": 8,
                    "move_learn_method": {
                        "name": "level-up",
                        "url": "https://pokeapi.co/api/v2/move-learn-method/1/"
                    },
                    "order": null,
                    "version_group": {
                        "name": "scarlet-violet",
                        "url": "https://pokeapi.co/api/v2/version-group/25/"
                    }
                }
            ]
        },
        {
            "move": {
                "name": "incinerate",
                "url": "https://pokeapi.co/api/v2/move/510/"
            },
            "version_group_details": [
                {
                    "level_learned_at": 28,
                    "move_learn_method": {
                        "name": "level-up",
                        "url": "https://pokeapi.co/api/v2/move-learn-method/1/"
                    },
                    "order": null,
                    "version_group": {
                        "name": "scarlet-violet",
                        "url": "https://pokeapi.co/api/v2/version-group/25/"
                    }
                }
            ]
        },
        {
            "move": {
                "name": "tera-blast",
                "url": "https://pokeapi.co/api/v2/move/851/"
            },
            "version_group_details": [
                {
                    "level_learned_at": 0,
                    "move_learn_method": {
                        "name": "machine",
                        "url": "https://pokeapi.co/api/v2/move-learn-method/4/"
                    },
                    "order": null,
                    "version_group": {
                        "name": "scarlet-violet",
                        "url": "https://pokeapi.co/api/v2/version-group/25/"
                    }
                }
            ]
        }
    ],
    "name": "charcadet",
    "order": 1003,
    "past_abilities": [],
    "past_types": [],
    "species": {
        "name": "charcadet",
        "url": "https://pokeapi.co/api/v2/pokemon-species/935/"
    },
    "sprites": {
        "back_default": null,
        "back_female": null,
        "back_shiny": null,
        "back_shiny_female": null,
        "front_default": "https://raw.githubusercontent.com/PokeAPI/sprites/master/sprites/pokemon/935.png",
        "front_female": null,
        "front_shiny": "https://raw.githubusercontent.com/PokeAPI/sprites/master/sprites/pokemon/shiny/935.png",
        "front_shiny_female": null,
        "other": {
            "dream_world": {
                "front_default": null,
                "front_female": null
            },
            "home": {
                "front_default": "https://raw.githubusercontent.com/PokeAPI/sprites/master/sprites/pokemon/other/home/935.png",
                "front_female": null,
                "front_shiny": "https://raw.githubusercontent.com/PokeAPI/sprites/master/sprites/pokemon/other/home/shiny/935.png",
                "front_shiny_female": null
            },
            "official-artwork": {
                "front_default": "https://raw.githubusercontent.com/PokeAPI/sprites/master/sprites/pokemon/other/official-artwork/935.png",
                "front_shiny": "https://raw.githubusercontent.com/PokeAPI/sprites/master/sprites/pokemon/other/official-artwork/shiny/935.png"
            },
            "showdown": {
                "back_default": null,
                "back_female": null,
                "back_shiny": null,
                "back_shiny_female": null,
                "front_default": null,
                "front_female": null,
                "front_shiny": null,
                "front_shiny_female": null
            }
        },
        "versions": {
            "generation-i": {
                "red-blue": {
                    "back_default": null,
                    "back_gray": null,
                    "back_transparent": null,
                    "front_default": null,
                    "front_gray": null,
                    "front_transparent": null
                },
                "yellow": {
                    "back_default": null,
                    "back_gray": null,
                    "back_transparent": null,
                    "front_default": null,
                    "front_gray": null,
                    "front_transparent": null
                }
            },
            "generation-ii": {
                "crystal": {
                    "back_default": null,
                    "back_shiny": null,
                    "back_shiny_transparent": null,
                    "back_transparent": null,
                    "front_default": null,
                    "front_shiny": null,
                    "front_shiny_transparent": null,
                    "front_transparent": null
                },
                "gold": {
                    "back_default": null,
                    "back_shiny": null,
                    "front_default": null,
                    "front_shiny": null,
                    "front_transparent": null
                },
                "silver": {
                    "back_default": null,
                    "back_shiny": null,
                    "front_default": null,
                    "front_shiny": null,
                    "front_transparent": null
                }
            },
            "generation-iii": {
                "emerald": {
                    "front_default": null,
                    "front_shiny": null
                },
                "firered-leafgreen": {
                    "back_default": null,
                    "back_shiny": null,
                    "front_default": null,
                    "front_shiny": null
                },
                "ruby-sapphire": {
                    "back_default": null,
                    "back_shiny": null,
                    "front_default": null,
                    "front_shiny": null
                }
            },
            "generation-iv": {
                "diamond-pearl": {
                    "back_default": null,
                    "back_female": null,
                    "back_shiny": null,
                    "back_shiny_female": null,
                    "front_default": null,
                    "front_female": null,
                    "front_shiny": null,
                    "front_shiny_female": null
                },
                "heartgold-soulsilver": {
                    "back_default": null,
                    "back_female": null,
                    "back_shiny": null,
                    "back_shiny_female": null,
                    "front_default": null,
                    "front_female": null,
                    "front_shiny": null,
                    "front_shiny_female": null
                },
                "platinum": {
                    "back_default": null,
                    "back_female": null,
                    "back_shiny": null,
                    "back_shiny_female": null,
                    "front_default": null,
                    "front_female": null,
                    "front_shiny": null,
                    "front_shiny_female": null
                }
            },
            "generation-v": {
                "black-white": {
                    "animated": {
                        "back_default": null,
                        "back_female": null,
                        "back_shiny": null,
                        "back_shiny_female": null,
                        "front_default": null,
                        "front_female": null,
                        "front_shiny": null,
                        "front_shiny_female": null
                    },
                    "back_default": null,
                    "back_female": null,
                    "back_shiny": null,
                    "back_shiny_female": null,
                    "front_default": null,
                    "front_female": null,
                    "front_shiny": null,
                    "front_shiny_female": null
                }
            },
            "generation-vi": {
                "omegaruby-alphasapphire": {
                    "front_default": null,
                    "front_female": null,
                    "front_shiny": null,
                    "front_shiny_female": null
                },
                "x-y": {
                    "front_default": null,
                    "front_female": null,
                    "front_shiny": null,
                    "front_shiny_female": null
                }
            },
            "generation-vii": {
                "icons": {
                    "front_default": null,
                    "front_female": null
                },
                "ultra-sun-ultra-moon": {
                    "front_default": null,
                    "front_female": null,
                    "front_shiny": null,
                    "front_shiny_female": null
                }
            },
            "generation-viii": {
                "icons": {
                    "front_default": null,
                    "front_female": null
                }
            }
        }
    },
    "stats": [
        {
            "base_stat": 40,
            "effort": 0,
            "stat": {
                "name": "hp",
                "url": "https://pokeapi.co/api/v2/stat/1/"
            }
        },
        {
            "base_stat": 50,
            "effort": 0,
            "stat": {
                "name": "attack",
                "url": "https://pokeapi.co/api/v2/stat/2/"
            }
        },
        {
            "base_stat": 40,
            "effort": 0,
            "stat": {
                "name": "defense",
                "url": "https://pokeapi.co/api/v2/stat/3/"
            }
        },
        {
            "base_stat": 50,
            "effort": 1,
            "stat": {
                "name": "special-attack",
                "url": "https://pokeapi.co/api/v2/stat/4/"
            }
        },
        {
            "base_stat": 40,
            "effort": 0,
            "stat": {
                "name": "special-defense",
                "url": "https://pokeapi.co/api/v2/stat/5/"
            }
        },
        {
            "base_stat": 35,
            "effort": 0,
            "stat": {
                "name": "speed",
                "url": "https://pokeapi.co/api/v2/stat/6/"
            }
        }
    ],
    "types": [
        {
            "slot": 1,
            "type": {
                "name": "fire",
                "url": "https://pokeapi.co/api/v2/type/10/"
            }
        }
    ],
    "weight": 105
}