{
    "abilities": [
        {
            "ability": {
                "name": "strong-jaw",
                "url": "https://pokeapi.co/api/v2/ability/173/"
            },
            "is_hidden": false,
            "slot": 1
        },
        {
            "ability": {
                "name": "shell-armor",
                "url": "https://pokeapi.co/api/v2/ability/75/"
            },
            "is_hidden": false,
            "slot": 2
        },
        {
            "ability": {
                "name": "swift-swim",
                "url": "https://pokeapi.co/api/v2/ability/33/"
            },
            "is_hidden": true,
            "slot": 3
        }
    ],
    "base_experience": 57,
    "cries": {
        "latest": "https://raw.githubusercontent.com/PokeAPI/cries/main/cries/pokemon/latest/833.ogg",
        "legacy": null
    },
    "forms": [
        {
            "name": "chewtle",
            "url": "https://pokeapi.co/api/v2/pokemon-form/833/"
        }
    ],
    "game_indices": [],
    "height": 3,
    "held_items": [],
    "id": 833,
    "is_default": true,
    "location_area_encounters": "https://pokeapi.co/api/v2/pokemon/833/encounters",
    "moves": [
        {
            "move": {
                "name": "headbutt",
                "url": "https://pokeapi.co/api/v2/move/29/"
            },
            "version_group_details": [
                {
                    "level_learned_at": 21,
                    "move_learn_method": {
                        "name": "level-up",
                        "url": "https://pokeapi.co/api/v2/move-learn-method/1/"
                    },
                    "order": null,
                    "version_group": {
                        "name": "sword-shield",
                        "url": "https://pokeapi.co/api/v2/version-group/20/"
                    }
                },
                {
                    "level_learned_at": 21,
                    "move_learn_method": {
                        "name": "level-up",
                        "url": "https://pokeapi.co/api/v2/move-learn-method/1/"
                    },
                    "order": null,
                    "version_group": {
                        "name": "scarlet-violet",
                        "url": "https://pokeapi.co/api/v2/version-group/25/"
                    }
                }
            ]
        },
        {
            "move": {
                "name": "tackle",
                "url": "https://pokeapi.co/api/v2/move/33/"
            },
            "version_group_details": [
                {
                    "level_learned_at": 1,
                    "move_learn_method": {
                        "name": "level-up",
                        "url": "https://pokeapi.co/api/v2/move-learn-method/1/"
                    },
                    "order": 1,
                    "version_group": {
                        "name": "sword-shield",
                        "url": "https://pokeapi.co/api/v2/version-group/20/"
                    }
                },
                {
                    "level_learned_at": 1,
                    "move_learn_method": {
                        "name": "level-up",
                        "url": "https://pokeapi.co/api/v2/move-learn-method/1/"
                    },
                    "order": 1,
                    "version_group": {
                        "name": "scarlet-violet",
                        "url": "https://pokeapi.co/api/v2/version-group/25/"
                    }
                }
            ]
        },
        {
            "move": {
                "name": "body-slam",
                "url": "https://pokeapi.co/api/v2/move/34/"
            },
            "version_group_details": [
                {
                    "level_learned_at": 49,
                    "move_learn_method": {
                        "name": "level-up",
                        "url": "https://pokeapi.co/api/v2/move-learn-method/1/"
                    },
                    "order": null,
                    "version_group": {
                        "name": "sword-shield",
                        "url": "https://pokeapi.co/api/v2/version-group/20/"
                    }
                },
                {
                    "level_learned_at": 0,
                    "move_learn_method": {
                        "name": "machine",
                        "url": "https://pokeapi.co/api/v2/move-learn-method/4/"
                    },
                    "order": null,
                    "version_group": {
                        "name": "sword-shield",
                        "url": "https://pokeapi.co/api/v2/version-group/20/"
                    }
                },
                {
                    "level_learned_at": 49,
                    "move_learn_method": {
                        "name": "level-up",
                        "url": "https://pokeapi.co/api/v2/move-learn-method/1/"
                    },
                    "order": null,
                    "version_group": {
                        "name": "scarlet-violet",
                        "url": "https://pokeapi.co/api/v2/version-group/25/"
                    }
                },
                {
                    "level_learned_at": 0,
                    "move_learn_method": {
                        "name": "machine",
                        "url": "https://pokeapi.co/api/v2/move-learn-method/4/"
                    },
                    "order": null,
                    "version_group": {
                        "name": "scarlet-violet",
                        "url": "https://pokeapi.co/api/v2/version-group/25/"
                    }
                }
            ]
        },
        {
            "move": {
                "name": "take-down",
                "url": "https://pokeapi.co/api/v2/move/36/"
            },
            "version_group_details": [
                {
                    "level_learned_at": 0,
                    "move_learn_method": {
                        "name": "machine",
                        "url": "https://pokeapi.co/api/v2/move-learn-method/4/"
                    },
                    "order": null,
                    "version_group": {
                        "name": "scarlet-violet",
                        "url": "https://pokeapi.co/api/v2/version-group/25/"
                    }
                }
            ]
        },
        {
            "move": {
                "name": "bite",
                "url": "https://pokeapi.co/api/v2/move/44/"
            },
            "version_group_details": [
                {
                    "level_learned_at": 7,
                    "move_learn_method": {
                        "name": "level-up",
                        "url": "https://pokeapi.co/api/v2/move-learn-method/1/"
                    },
                    "order": null,
                    "version_group": {
                        "name": "sword-shield",
                        "url": "https://pokeapi.co/api/v2/version-group/20/"
                    }
                },
                {
                    "level_learned_at": 7,
                    "move_learn_method": {
                        "name": "level-up",
                        "url": "https://pokeapi.co/api/v2/move-learn-method/1/"
                    },
                    "order": null,
                    "version_group": {
                        "name": "scarlet-violet",
                        "url": "https://pokeapi.co/api/v2/version-group/25/"
                    }
                }
            ]
        },
        {
            "move": {
                "name": "water-gun",
                "url": "https://pokeapi.co/api/v2/move/55/"
            },
            "version_group_details": [
                {
                    "level_learned_at": 1,
                    "move_learn_method": {
                        "name": "level-up",
                        "url": "https://pokeapi.co/api/v2/move-learn-method/1/"
                    },
                    "order": 2,
                    "version_group": {
                        "name": "sword-shield",
                        "url": "https://pokeapi.co/api/v2/version-group/20/"
                    }
                },
                {
                    "level_learned_at": 1,
                    "move_learn_method": {
                        "name": "level-up",
                        "url": "https://pokeapi.co/api/v2/move-learn-method/1/"
                    },
                    "order": 2,
                    "version_group": {
                        "name": "scarlet-violet",
                        "url": "https://pokeapi.co/api/v2/version-group/25/"
                    }
                }
            ]
        },
        {
            "move": {
                "name": "hydro-pump",
                "url": "https://pokeapi.co/api/v2/move/56/"
            },
            "version_group_details": [
                {
                    "level_learned_at": 0,
                    "move_learn_method": {
                        "name": "machine",
                        "url": "https://pokeapi.co/api/v2/move-learn-method/4/"
                    },
                    "order": null,
                    "version_group": {
                        "name": "sword-shield",
                        "url": "https://pokeapi.co/api/v2/version-group/20/"
                    }
                },
                {
                    "level_learned_at": 0,
                    "move_learn_method": {
                        "name": "machine",
                        "url": "https://pokeapi.co/api/v2/move-learn-method/4/"
                    },
                    "order": null,
                    "version_group": {
                        "name": "scarlet-violet",
                        "url": "https://pokeapi.co/api/v2/version-group/25/"
                    }
                }
            ]
        },
        {
            "move": {
                "name": "surf",
                "url": "https://pokeapi.co/api/v2/move/57/"
            },
            "version_group_details": [
                {
                    "level_learned_at": 0,
                    "move_learn_method": {
                        "name": "machine",
                        "url": "https://pokeapi.co/api/v2/move-learn-method/4/"
                    },
                    "order": null,
                    "version_group": {
                        "name": "sword-shield",
                        "url": "https://pokeapi.co/api/v2/version-group/20/"
                    }
                },
                {
                    "level_learned_at": 0,
                    "move_learn_method": {
                        "name": "machine",
                        "url": "https://pokeapi.co/api/v2/move-learn-method/4/"
                    },
                    "order": null,
                    "version_group": {
                        "name": "scarlet-violet",
                        "url": "https://pokeapi.co/api/v2/version-group/25/"
                    }
                }
            ]
        },
        {
            "move": {
                "name": "counter",
                "url": "https://pokeapi.co/api/v2/move/68/"
            },
            "version_group_details": [
                {
                    "level_learned_at": 28,
                    "move_learn_method": {
                        "name": "level-up",
                        "url": "https://pokeapi.co/api/v2/move-learn-method/1/"
                    },
                    "order": null,
                    "version_group": {
                        "name": "sword-shield",
                        "url": "https://pokeapi.co/api/v2/version-group/20/"
                    }
                },
                {
                    "level_learned_at": 28,
                    "move_learn_method": {
                        "name": "level-up",
                        "url": "https://pokeapi.co/api/v2/move-learn-method/1/"
                    },
                    "order": null,
                    "version_group": {
                        "name": "scarlet-violet",
                        "url": "https://pokeapi.co/api/v2/version-group/25/"
                    }
                }
            ]
        },
        {
            "move": {
                "name": "waterfall",
                "url": "https://pokeapi.co/api/v2/move/127/"
            },
            "version_group_details": [
                {
                    "level_learned_at": 0,
                    "move_learn_method": {
                        "name": "machine",
                        "url": "https://pokeapi.co/api/v2/move-learn-method/4/"
                    },
                    "order": null,
                    "version_group": {
                        "name": "scarlet-violet",
                        "url": "https://pokeapi.co/api/v2/version-group/25/"
                    }
                }
            ]
        },
        {
            "move": {
                "name": "skull-bash",
                "url": "https://pokeapi.co/api/v2/move/130/"
            },
            "version_group_details": [
                {
                    "level_learned_at": 0,
                    "move_learn_method": {
                        "name": "egg",
                        "url": "https://pokeapi.co/api/v2/move-learn-method/2/"
                    },
                    "order": null,
                    "version_group": {
                        "name": "sword-shield",
                        "url": "https://pokeapi.co/api/v2/version-group/20/"
                    }
                }
            ]
        },
        {
            "move": {
                "name": "rest",
                "url": "https://pokeapi.co/api/v2/move/156/"
            },
            "version_group_details": [
                {
                    "level_learned_at": 0,
                    "move_learn_method": {
                        "name": "machine",
                        "url": "https://pokeapi.co/api/v2/move-learn-method/4/"
                    },
                    "order": null,
                    "version_group": {
                        "name": "sword-shield",
                        "url": "https://pokeapi.co/api/v2/version-group/20/"
                    }
                },
                {
                    "level_learned_at": 0,
                    "move_learn_method": {
                        "name": "machine",
                        "url": "https://pokeapi.co/api/v2/move-learn-method/4/"
                    },
                    "order": null,
                    "version_group": {
                        "name": "scarlet-violet",
                        "url": "https://pokeapi.co/api/v2/version-group/25/"
                    }
                }
            ]
        },
        {
            "move": {
                "name": "substitute",
                "url": "https://pokeapi.co/api/v2/move/164/"
            },
            "version_group_details": [
                {
                    "level_learned_at": 0,
                    "move_learn_method": {
                        "name": "machine",
                        "url": "https://pokeapi.co/api/v2/move-learn-method/4/"
                    },
                    "order": null,
                    "version_group": {
                        "name": "sword-shield",
                        "url": "https://pokeapi.co/api/v2/version-group/20/"
                    }
                },
                {
                    "level_learned_at": 0,
                    "move_learn_method": {
                        "name": "machine",
                        "url": "https://pokeapi.co/api/v2/move-learn-method/4/"
                    },
                    "order": null,
                    "version_group": {
                        "name": "scarlet-violet",
                        "url": "https://pokeapi.co/api/v2/version-group/25/"
                    }
                }
            ]
        },
        {
            "move": {
                "name": "snore",
                "url": "https://pokeapi.co/api/v2/move/173/"
            },
            "version_group_details": [
                {
                    "level_learned_at": 0,
                    "move_learn_method": {
                        "name": "machine",
                        "url": "https://pokeapi.co/api/v2/move-learn-method/4/"
                    },
                    "order": null,
                    "version_group": {
                        "name": "sword-shield",
                        "url": "https://pokeapi.co/api/v2/version-group/20/"
                    }
                }
            ]
        },
        {
            "move": {
                "name": "protect",
                "url": "https://pokeapi.co/api/v2/move/182/"
            },
            "version_group_details": [
                {
                    "level_learned_at": 14,
                    "move_learn_method": {
                        "name": "level-up",
                        "url": "https://pokeapi.co/api/v2/move-learn-method/1/"
                    },
                    "order": null,
                    "version_group": {
                        "name": "sword-shield",
                        "url": "https://pokeapi.co/api/v2/version-group/20/"
                    }
                },
                {
                    "level_learned_at": 0,
                    "move_learn_method": {
                        "name": "machine",
                        "url": "https://pokeapi.co/api/v2/move-learn-method/4/"
                    },
                    "order": null,
                    "version_group": {
                        "name": "sword-shield",
                        "url": "https://pokeapi.co/api/v2/version-group/20/"
                    }
                },
                {
                    "level_learned_at": 14,
                    "move_learn_method": {
                        "name": "level-up",
                        "url": "https://pokeapi.co/api/v2/move-learn-method/1/"
                    },
                    "order": null,
                    "version_group": {
                        "name": "scarlet-violet",
                        "url": "https://pokeapi.co/api/v2/version-group/25/"
                    }
                },
                {
                    "level_learned_at": 0,
                    "move_learn_method": {
                        "name": "machine",
                        "url": "https://pokeapi.co/api/v2/move-learn-method/4/"
                    },
                    "order": null,
                    "version_group": {
                        "name": "scarlet-violet",
                        "url": "https://pokeapi.co/api/v2/version-group/25/"
                    }
                }
            ]
        },
        {
            "move": {
                "name": "scary-face",
                "url": "https://pokeapi.co/api/v2/move/184/"
            },
            "version_group_details": [
                {
                    "level_learned_at": 0,
                    "move_learn_method": {
                        "name": "machine",
                        "url": "https://pokeapi.co/api/v2/move-learn-method/4/"
                    },
                    "order": null,
                    "version_group": {
                        "name": "scarlet-violet",
                        "url": "https://pokeapi.co/api/v2/version-group/25/"
                    }
                }
            ]
        },
        {
            "move": {
                "name": "endure",
                "url": "https://pokeapi.co/api/v2/move/203/"
            },
            "version_group_details": [
                {
                    "level_learned_at": 0,
                    "move_learn_method": {
                        "name": "machine",
                        "url": "https://pokeapi.co/api/v2/move-learn-method/4/"
                    },
                    "order": null,
                    "version_group": {
                        "name": "sword-shield",
                        "url": "https://pokeapi.co/api/v2/version-group/20/"
                    }
                },
                {
                    "level_learned_at": 0,
                    "move_learn_method": {
                        "name": "machine",
                        "url": "https://pokeapi.co/api/v2/move-learn-method/4/"
                    },
                    "order": null,
                    "version_group": {
                        "name": "scarlet-violet",
                        "url": "https://pokeapi.co/api/v2/version-group/25/"
                    }
                }
            ]
        },
        {
            "move": {
                "name": "false-swipe",
                "url": "https://pokeapi.co/api/v2/move/206/"
            },
            "version_group_details": [
                {
                    "level_learned_at": 0,
                    "move_learn_method": {
                        "name": "machine",
                        "url": "https://pokeapi.co/api/v2/move-learn-method/4/"
                    },
                    "order": null,
                    "version_group": {
                        "name": "scarlet-violet",
                        "url": "https://pokeapi.co/api/v2/version-group/25/"
                    }
                }
            ]
        },
        {
            "move": {
                "name": "attract",
                "url": "https://pokeapi.co/api/v2/move/213/"
            },
            "version_group_details": [
                {
                    "level_learned_at": 0,
                    "move_learn_method": {
                        "name": "machine",
                        "url": "https://pokeapi.co/api/v2/move-learn-method/4/"
                    },
                    "order": null,
                    "version_group": {
                        "name": "sword-shield",
                        "url": "https://pokeapi.co/api/v2/version-group/20/"
                    }
                }
            ]
        },
        {
            "move": {
                "name": "sleep-talk",
                "url": "https://pokeapi.co/api/v2/move/214/"
            },
            "version_group_details": [
                {
                    "level_learned_at": 0,
                    "move_learn_method": {
                        "name": "machine",
                        "url": "https://pokeapi.co/api/v2/move-learn-method/4/"
                    },
                    "order": null,
                    "version_group": {
                        "name": "sword-shield",
                        "url": "https://pokeapi.co/api/v2/version-group/20/"
                    }
                },
                {
                    "level_learned_at": 0,
                    "move_learn_method": {
                        "name": "machine",
                        "url": "https://pokeapi.co/api/v2/move-learn-method/4/"
                    },
                    "order": null,
                    "version_group": {
                        "name": "scarlet-violet",
                        "url": "https://pokeapi.co/api/v2/version-group/25/"
                    }
                }
            ]
        },
        {
            "move": {
                "name": "rain-dance",
                "url": "https://pokeapi.co/api/v2/move/240/"
            },
            "version_group_details": [
                {
                    "level_learned_at": 0,
                    "move_learn_method": {
                        "name": "machine",
                        "url": "https://pokeapi.co/api/v2/move-learn-method/4/"
                    },
                    "order": null,
                    "version_group": {
                        "name": "sword-shield",
                        "url": "https://pokeapi.co/api/v2/version-group/20/"
                    }
                },
                {
                    "level_learned_at": 0,
                    "move_learn_method": {
                        "name": "machine",
                        "url": "https://pokeapi.co/api/v2/move-learn-method/4/"
                    },
                    "order": null,
                    "version_group": {
                        "name": "scarlet-violet",
                        "url": "https://pokeapi.co/api/v2/version-group/25/"
                    }
                }
            ]
        },
        {
            "move": {
                "name": "crunch",
                "url": "https://pokeapi.co/api/v2/move/242/"
            },
            "version_group_details": [
                {
                    "level_learned_at": 0,
                    "move_learn_method": {
                        "name": "machine",
                        "url": "https://pokeapi.co/api/v2/move-learn-method/4/"
                    },
                    "order": null,
                    "version_group": {
                        "name": "scarlet-violet",
                        "url": "https://pokeapi.co/api/v2/version-group/25/"
                    }
                }
            ]
        },
        {
            "move": {
                "name": "whirlpool",
                "url": "https://pokeapi.co/api/v2/move/250/"
            },
            "version_group_details": [
                {
                    "level_learned_at": 0,
                    "move_learn_method": {
                        "name": "machine",
                        "url": "https://pokeapi.co/api/v2/move-learn-method/4/"
                    },
                    "order": null,
                    "version_group": {
                        "name": "sword-shield",
                        "url": "https://pokeapi.co/api/v2/version-group/20/"
                    }
                },
                {
                    "level_learned_at": 0,
                    "move_learn_method": {
                        "name": "machine",
                        "url": "https://pokeapi.co/api/v2/move-learn-method/4/"
                    },
                    "order": null,
                    "version_group": {
                        "name": "scarlet-violet",
                        "url": "https://pokeapi.co/api/v2/version-group/25/"
                    }
                }
            ]
        },
        {
            "move": {
                "name": "facade",
                "url": "https://pokeapi.co/api/v2/move/263/"
            },
            "version_group_details": [
                {
                    "level_learned_at": 0,
                    "move_learn_method": {
                        "name": "machine",
                        "url": "https://pokeapi.co/api/v2/move-learn-method/4/"
                    },
                    "order": null,
                    "version_group": {
                        "name": "sword-shield",
                        "url": "https://pokeapi.co/api/v2/version-group/20/"
                    }
                },
                {
                    "level_learned_at": 0,
                    "move_learn_method": {
                        "name": "machine",
                        "url": "https://pokeapi.co/api/v2/move-learn-method/4/"
                    },
                    "order": null,
                    "version_group": {
                        "name": "scarlet-violet",
                        "url": "https://pokeapi.co/api/v2/version-group/25/"
                    }
                }
            ]
        },
        {
            "move": {
                "name": "revenge",
                "url": "https://pokeapi.co/api/v2/move/279/"
            },
            "version_group_details": [
                {
                    "level_learned_at": 0,
                    "move_learn_method": {
                        "name": "machine",
                        "url": "https://pokeapi.co/api/v2/move-learn-method/4/"
                    },
                    "order": null,
                    "version_group": {
                        "name": "sword-shield",
                        "url": "https://pokeapi.co/api/v2/version-group/20/"
                    }
                }
            ]
        },
        {
            "move": {
                "name": "dive",
                "url": "https://pokeapi.co/api/v2/move/291/"
            },
            "version_group_details": [
                {
                    "level_learned_at": 0,
                    "move_learn_method": {
                        "name": "machine",
                        "url": "https://pokeapi.co/api/v2/move-learn-method/4/"
                    },
                    "order": null,
                    "version_group": {
                        "name": "sword-shield",
                        "url": "https://pokeapi.co/api/v2/version-group/20/"
                    }
                }
            ]
        },
        {
            "move": {
                "name": "mud-shot",
                "url": "https://pokeapi.co/api/v2/move/341/"
            },
            "version_group_details": [
                {
                    "level_learned_at": 0,
                    "move_learn_method": {
                        "name": "machine",
                        "url": "https://pokeapi.co/api/v2/move-learn-method/4/"
                    },
                    "order": null,
                    "version_group": {
                        "name": "sword-shield",
                        "url": "https://pokeapi.co/api/v2/version-group/20/"
                    }
                },
                {
                    "level_learned_at": 0,
                    "move_learn_method": {
                        "name": "machine",
                        "url": "https://pokeapi.co/api/v2/move-learn-method/4/"
                    },
                    "order": null,
                    "version_group": {
                        "name": "scarlet-violet",
                        "url": "https://pokeapi.co/api/v2/version-group/25/"
                    }
                }
            ]
        },
        {
            "move": {
                "name": "water-pulse",
                "url": "https://pokeapi.co/api/v2/move/352/"
            },
            "version_group_details": [
                {
                    "level_learned_at": 0,
                    "move_learn_method": {
                        "name": "machine",
                        "url": "https://pokeapi.co/api/v2/move-learn-method/4/"
                    },
                    "order": null,
                    "version_group": {
                        "name": "scarlet-violet",
                        "url": "https://pokeapi.co/api/v2/version-group/25/"
                    }
                }
            ]
        },
        {
            "move": {
                "name": "payback",
                "url": "https://pokeapi.co/api/v2/move/371/"
            },
            "version_group_details": [
                {
                    "level_learned_at": 0,
                    "move_learn_method": {
                        "name": "machine",
                        "url": "https://pokeapi.co/api/v2/move-learn-method/4/"
                    },
                    "order": null,
                    "version_group": {
                        "name": "sword-shield",
                        "url": "https://pokeapi.co/api/v2/version-group/20/"
                    }
                }
            ]
        },
        {
            "move": {
                "name": "assurance",
                "url": "https://pokeapi.co/api/v2/move/372/"
            },
            "version_group_details": [
                {
                    "level_learned_at": 0,
                    "move_learn_method": {
                        "name": "machine",
                        "url": "https://pokeapi.co/api/v2/move-learn-method/4/"
                    },
                    "order": null,
                    "version_group": {
                        "name": "sword-shield",
                        "url": "https://pokeapi.co/api/v2/version-group/20/"
                    }
                }
            ]
        },
        {
            "move": {
                "name": "gastro-acid",
                "url": "https://pokeapi.co/api/v2/move/380/"
            },
            "version_group_details": [
                {
                    "level_learned_at": 0,
                    "move_learn_method": {
                        "name": "egg",
                        "url": "https://pokeapi.co/api/v2/move-learn-method/2/"
                    },
                    "order": null,
                    "version_group": {
                        "name": "sword-shield",
                        "url": "https://pokeapi.co/api/v2/version-group/20/"
                    }
                },
                {
                    "level_learned_at": 0,
                    "move_learn_method": {
                        "name": "egg",
                        "url": "https://pokeapi.co/api/v2/move-learn-method/2/"
                    },
                    "order": null,
                    "version_group": {
                        "name": "scarlet-violet",
                        "url": "https://pokeapi.co/api/v2/version-group/25/"
                    }
                }
            ]
        },
        {
            "move": {
                "name": "poison-jab",
                "url": "https://pokeapi.co/api/v2/move/398/"
            },
            "version_group_details": [
                {
                    "level_learned_at": 0,
                    "move_learn_method": {
                        "name": "machine",
                        "url": "https://pokeapi.co/api/v2/move-learn-method/4/"
                    },
                    "order": null,
                    "version_group": {
                        "name": "scarlet-violet",
                        "url": "https://pokeapi.co/api/v2/version-group/25/"
                    }
                }
            ]
        },
        {
            "move": {
                "name": "ice-fang",
                "url": "https://pokeapi.co/api/v2/move/423/"
            },
            "version_group_details": [
                {
                    "level_learned_at": 0,
                    "move_learn_method": {
                        "name": "machine",
                        "url": "https://pokeapi.co/api/v2/move-learn-method/4/"
                    },
                    "order": null,
                    "version_group": {
                        "name": "sword-shield",
                        "url": "https://pokeapi.co/api/v2/version-group/20/"
                    }
                },
                {
                    "level_learned_at": 0,
                    "move_learn_method": {
                        "name": "machine",
                        "url": "https://pokeapi.co/api/v2/move-learn-method/4/"
                    },
                    "order": null,
                    "version_group": {
                        "name": "scarlet-violet",
                        "url": "https://pokeapi.co/api/v2/version-group/25/"
                    }
                }
            ]
        },
        {
            "move": {
                "name": "round",
                "url": "https://pokeapi.co/api/v2/move/496/"
            },
            "version_group_details": [
                {
                    "level_learned_at": 0,
                    "move_learn_method": {
                        "name": "machine",
                        "url": "https://pokeapi.co/api/v2/move-learn-method/4/"
                    },
                    "order": null,
                    "version_group": {
                        "name": "sword-shield",
                        "url": "https://pokeapi.co/api/v2/version-group/20/"
                    }
                }
            ]
        },
        {
            "move": {
                "name": "shell-smash",
                "url": "https://pokeapi.co/api/v2/move/504/"
            },
            "version_group_details": [
                {
                    "level_learned_at": 0,
                    "move_learn_method": {
                        "name": "egg",
                        "url": "https://pokeapi.co/api/v2/move-learn-method/2/"
                    },
                    "order": null,
                    "version_group": {
                        "name": "scarlet-violet",
                        "url": "https://pokeapi.co/api/v2/version-group/25/"
                    }
                }
            ]
        },
        {
            "move": {
                "name": "dragon-tail",
                "url": "https://pokeapi.co/api/v2/move/525/"
            },
            "version_group_details": [
                {
                    "level_learned_at": 0,
                    "move_learn_method": {
                        "name": "egg",
                        "url": "https://pokeapi.co/api/v2/move-learn-method/2/"
                    },
                    "order": null,
                    "version_group": {
                        "name": "sword-shield",
                        "url": "https://pokeapi.co/api/v2/version-group/20/"
                    }
                },
                {
                    "level_learned_at": 0,
                    "move_learn_method": {
                        "name": "egg",
                        "url": "https://pokeapi.co/api/v2/move-learn-method/2/"
                    },
                    "order": null,
                    "version_group": {
                        "name": "scarlet-violet",
                        "url": "https://pokeapi.co/api/v2/version-group/25/"
                    }
                },
                {
                    "level_learned_at": 0,
                    "move_learn_method": {
                        "name": "machine",
                        "url": "https://pokeapi.co/api/v2/move-learn-method/4/"
                    },
                    "order": null,
                    "version_group": {
                        "name": "scarlet-violet",
                        "url": "https://pokeapi.co/api/v2/version-group/25/"
                    }
                }
            ]
        },
        {
            "move": {
                "name": "stomping-tantrum",
                "url": "https://pokeapi.co/api/v2/move/707/"
            },
            "version_group_details": [
                {
                    "level_learned_at": 0,
                    "move_learn_method": {
                        "name": "machine",
                        "url": "https://pokeapi.co/api/v2/move-learn-method/4/"
                    },
                    "order": null,
                    "version_group": {
                        "name": "scarlet-violet",
                        "url": "https://pokeapi.co/api/v2/version-group/25/"
                    }
                }
            ]
        },
        {
            "move": {
                "name": "liquidation",
                "url": "https://pokeapi.co/api/v2/move/710/"
            },
            "version_group_details": [
                {
                    "level_learned_at": 42,
                    "move_learn_method": {
                        "name": "level-up",
                        "url": "https://pokeapi.co/api/v2/move-learn-method/1/"
                    },
                    "order": null,
                    "version_group": {
                        "name": "sword-shield",
                        "url": "https://pokeapi.co/api/v2/version-group/20/"
                    }
                },
                {
                    "level_learned_at": 0,
                    "move_learn_method": {
                        "name": "machine",
                        "url": "https://pokeapi.co/api/v2/move-learn-method/4/"
                    },
                    "order": null,
                    "version_group": {
                        "name": "sword-shield",
                        "url": "https://pokeapi.co/api/v2/version-group/20/"
                    }
                },
                {
                    "level_learned_at": 42,
                    "move_learn_method": {
                        "name": "level-up",
                        "url": "https://pokeapi.co/api/v2/move-learn-method/1/"
                    },
                    "order": null,
                    "version_group": {
                        "name": "scarlet-violet",
                        "url": "https://pokeapi.co/api/v2/version-group/25/"
                    }
                },
                {
                    "level_learned_at": 0,
                    "move_learn_method": {
                        "name": "machine",
                        "url": "https://pokeapi.co/api/v2/move-learn-method/4/"
                    },
                    "order": null,
                    "version_group": {
                        "name": "scarlet-violet",
                        "url": "https://pokeapi.co/api/v2/version-group/25/"
                    }
                }
            ]
        },
        {
            "move": {
                "name": "jaw-lock",
                "url": "https://pokeapi.co/api/v2/move/746/"
            },
            "version_group_details": [
                {
                    "level_learned_at": 35,
                    "move_learn_method": {
                        "name": "level-up",
                        "url": "https://pokeapi.co/api/v2/move-learn-method/1/"
                    },
                    "order": null,
                    "version_group": {
                        "name": "sword-shield",
                        "url": "https://pokeapi.co/api/v2/version-group/20/"
                    }
                },
                {
                    "level_learned_at": 35,
                    "move_learn_method": {
                        "name": "level-up",
                        "url": "https://pokeapi.co/api/v2/move-learn-method/1/"
                    },
                    "order": null,
                    "version_group": {
                        "name": "scarlet-violet",
                        "url": "https://pokeapi.co/api/v2/version-group/25/"
                    }
                }
            ]
        },
        {
            "move": {
                "name": "scale-shot",
                "url": "https://pokeapi.co/api/v2/move/799/"
            },
            "version_group_details": [
                {
                    "level_learned_at": 0,
                    "move_learn_method": {
                        "name": "tutor",
                        "url": "https://pokeapi.co/api/v2/move-learn-method/3/"
                    },
                    "order": null,
                    "version_group": {
                        "name": "sword-shield",
                        "url": "https://pokeapi.co/api/v2/version-group/20/"
                    }
                }
            ]
        },
        {
            "move": {
                "name": "skitter-smack",
                "url": "https://pokeapi.co/api/v2/move/806/"
            },
            "version_group_details": [
                {
                    "level_learned_at": 0,
                    "move_learn_method": {
                        "name": "tutor",
                        "url": "https://pokeapi.co/api/v2/move-learn-method/3/"
                    },
                    "order": null,
                    "version_group": {
                        "name": "sword-shield",
                        "url": "https://pokeapi.co/api/v2/version-group/20/"
                    }
                },
                {
                    "level_learned_at": 0,
                    "move_learn_method": {
                        "name": "machine",
                        "url": "https://pokeapi.co/api/v2/move-learn-method/4/"
                    },
                    "order": null,
                    "version_group": {
                        "name": "scarlet-violet",
                        "url": "https://pokeapi.co/api/v2/version-group/25/"
                    }
                }
            ]
        },
        {
            "move": {
                "name": "tera-blast",
                "url": "https://pokeapi.co/api/v2/move/851/"
            },
            "version_group_details": [
                {
                    "level_learned_at": 0,
                    "move_learn_method": {
                        "name": "machine",
                        "url": "https://pokeapi.co/api/v2/move-learn-method/4/"
                    },
                    "order": null,
                    "version_group": {
                        "name": "scarlet-violet",
                        "url": "https://pokeapi.co/api/v2/version-group/25/"
                    }
                }
            ]
        },
        {
            "move": {
                "name": "chilling-water",
                "url": "https://pokeapi.co/api/v2/move/886/"
            },
            "version_group_details": [
                {
                    "level_learned_at": 0,
                    "move_learn_method": {
                        "name": "machine",
                        "url": "https://pokeapi.co/api/v2/move-learn-method/4/"
                    },
                    "order": null,
                    "version_group": {
                        "name": "scarlet-violet",
                        "url": "https://pokeapi.co/api/v2/version-group/25/"
                    }
                }
            ]
        }
    ],
    "name": "chewtle",
    "order": 1014,
    "past_abilities": [],
    "past_types": [],
    "species": {
        "name": "chewtle",
        "url": "https://pokeapi.co/api/v2/pokemon-species/833/"
    },
    "sprites": {
        "back_default": "https://raw.githubusercontent.com/PokeAPI/sprites/master/sprites/pokemon/back/833.png",
        "back_female": null,
        "back_shiny": "https://raw.githubusercontent.com/PokeAPI/sprites/master/sprites/pokemon/back/shiny/833.png",
        "back_shiny_female": null,
        "front_default": "https://raw.githubusercontent.com/PokeAPI/sprites/master/sprites/pokemon/833.png",
        "front_female": null,
        "front_shiny": "https://raw.githubusercontent.com/PokeAPI/sprites/master/sprites/pokemon/shiny/833.png",
        "front_shiny_female": null,
        "other": {
            "dream_world": {
                "front_default": null,
                "front_female": null
            },
            "home": {
                "front_default": "https://raw.githubusercontent.com/PokeAPI/sprites/master/sprites/pokemon/other/home/833.png",
                "front_female": null,
                "front_shiny": "https://raw.githubusercontent.com/PokeAPI/sprites/master/sprites/pokemon/other/home/shiny/833.png",
                "front_shiny_female": null
            },
            "official-artwork": {
                "front_default": "https://raw.githubusercontent.com/PokeAPI/sprites/master/sprites/pokemon/other/official-artwork/833.png",
                "front_shiny": "https://raw.githubusercontent.com/PokeAPI/sprites/master/sprites/pokemon/other/official-artwork/shiny/833.png"
            },
            "showdown": {
                "back_default": "https://raw.githubusercontent.com/PokeAPI/sprites/master/sprites/pokemon/other/showdown/back/833.gif",
                "back_female": null,
                "back_shiny": "https://raw.githubusercontent.com/PokeAPI/sprites/master/sprites/pokemon/other/showdown/back/shiny/833.gif",
                "back_shiny_female": null,
                "front_default": "https://raw.githubusercontent.com/PokeAPI/sprites/master/sprites/pokemon/other/showdown/833.gif",
                "front_female": null,
                "front_shiny": "https://raw.githubusercontent.com/PokeAPI/sprites/master/sprites/pokemon/other/showdown/shiny/833.gif",
                "front_shiny_female": null
            }
        },
        "versions": {
            "generation-i": {
                "red-blue": {
                    "back_default": null,
                    "back_gray": null,
                    "back_transparent": null,
                    "front_default": null,
                    "front_gray": null,
                    "front_transparent": null
                },
                "yellow": {
                    "back_default": null,
                    "back_gray": null,
                    "back_transparent": null,
                    "front_default": null,
                    "front_gray": null,
                    "front_transparent": null
                }
            },
            "generation-ii": {
                "crystal": {
                    "back_default": null,
                    "back_shiny": null,
                    "back_shiny_transparent": null,
                    "back_transparent": null,
                    "front_default": null,
                    "front_shiny": null,
                    "front_shiny_transparent": null,
                    "front_transparent": null
                },
                "gold": {
                    "back_default": null,
                    "back_shiny": null,
                    "front_default": null,
                    "front_shiny": null,
                    "front_transparent": null
                },
                "silver": {
                    "back_default": null,
                    "back_shiny": null,
                    "front_default": null,
                    "front_shiny": null,
                    "front_transparent": null
                }
            },
            "generation-iii": {
                "emerald": {
                    "front_default": null,
                    "front_shiny": null
                },
                "firered-leafgreen": {
                    "back_default": null,
                    "back_shiny": null,
                    "front_default": null,
                    "front_shiny": null
                },
                "ruby-sapphire": {
                    "back_default": null,
                    "back_shiny": null,
                    "front_default": null,
                    "front_shiny": null
                }
            },
            "generation-iv": {
                "diamond-pearl": {
                    "back_default": null,
                    "back_female": null,
                    "back_shiny": null,
                    "back_shiny_female": null,
                    "front_default": null,
                    "front_female": null,
                    "front_shiny": null,
                    "front_shiny_female": null
                },
                "heartgold-soulsilver": {
                    "back_default": null,
                    "back_female": null,
                    "back_shiny": null,
                    "back_shiny_female": null,
                    "front_default": null,
                    "front_female": null,
                    "front_shiny": null,
                    "front_shiny_female": null
                },
                "platinum": {
                    "back_default": null,
                    "back_female": null,
                    "back_shiny": null,
                    "back_shiny_female": null,
                    "front_default": null,
                    "front_female": null,
                    "front_shiny": null,
                    "front_shiny_female": null
                }
            },
            "generation-v": {
                "black-white": {
                    "animated": {
                        "back_default": null,
                        "back_female": null,
                        "back_shiny": null,
                        "back_shiny_female": null,
                        "front_default": null,
                        "front_female": null,
                        "front_shiny": null,
                        "front_shiny_female": null
                    },
                    "back_default": "https://raw.githubusercontent.com/PokeAPI/sprites/master/sprites/pokemon/versions/generation-v/black-white/back/833.png",
                    "back_female": null,
                    "back_shiny": "https://raw.githubusercontent.com/PokeAPI/sprites/master/sprites/pokemon/versions/generation-v/black-white/back/shiny/833.png",
                    "back_shiny_female": null,
                    "front_default": "https://raw.githubusercontent.com/PokeAPI/sprites/master/sprites/pokemon/versions/generation-v/black-white/833.png",
                    "front_female": null,
                    "front_shiny": "https://raw.githubusercontent.com/PokeAPI/sprites/master/sprites/pokemon/versions/generation-v/black-white/shiny/833.png",
                    "front_shiny_female": null
                }
            },
            "generation-vi": {
                "omegaruby-alphasapphire": {
                    "front_default": null,
                    "front_female": null,
                    "front_shiny": null,
                    "front_shiny_female": null
                },
                "x-y": {
                    "front_default": null,
                    "front_female": null,
                    "front_shiny": null,
                    "front_shiny_female": null
                }
            },
            "generation-vii": {
                "icons": {
                    "front_default": null,
                    "front_female": null
                },
                "ultra-sun-ultra-moon": {
                    "front_default": null,
                    "front_female": null,
                    "front_shiny": null,
                    "front_shiny_female": null
                }
            },
            "generation-viii": {
                "icons": {
                    "front_default": "https://raw.githubusercontent.com/PokeAPI/sprites/master/sprites/pokemon/versions/generation-viii/icons/833.png",
                    "front_female": null
                }
            }
        }
    },
    "stats": [
        {
            "base_stat": 50,
            "effort": 0,
            "stat": {
                "name": "hp",
                "url": "https://pokeapi.co/api/v2/stat/1/"
            }
        },
        {
            "base_stat": 64,
            "effort": 1,
            "stat": {
                "name": "attack",
                "url": "https://pokeapi.co/api/v2/stat/2/"
            }
        },
        {
            "base_stat": 50,
            "effort": 0,
            "stat": {
                "name": "defense",
                "url": "https://pokeapi.co/api/v2/stat/3/"
            }
        },
        {
            "base_stat": 38,
            "effort": 0,
            "stat": {
                "name": "special-attack",
                "url": "https://pokeapi.co/api/v2/stat/4/"
            }
        },
        {
            "base_stat": 38,
            "effort": 0,
            "stat": {
                "name": "special-defense",
                "url": "https://pokeapi.co/api/v2/stat/5/"
            }
        },
        {
            "base_stat": 44,
            "effort": 0,
            "stat": {
                "name": "speed",
                "url": "https://pokeapi.co/api/v2/stat/6/"
            }
        }
    ],
    "types": [
        {
            "slot": 1,
            "type": {
                "name": "water",
                "url": "https://pokeapi.co/api/v2/type/11/"
            }
        }
    ],
    "weight": 85
}