{
    "abilities": [
        {
            "ability": {
                "name": "blaze",
                "url": "https://pokeapi.co/api/v2/ability/66/"
            },
            "is_hidden": false,
            "slot": 1
        },
        {
            "ability": {
                "name": "libero",
                "url": "https://pokeapi.co/api/v2/ability/236/"
            },
            "is_hidden": true,
            "slot": 3
        }
    ],
    "base_experience": 265,
    "cries": {
        "latest": "https://raw.githubusercontent.com/PokeAPI/cries/main/cries/pokemon/latest/815.ogg",
        "legacy": null
    },
    "forms": [
        {
            "name": "cinderace",
            "url": "https://pokeapi.co/api/v2/pokemon-form/815/"
        }
    ],
    "game_indices": [],
    "height": 14,
    "held_items": [],
    "id": 815,
    "is_default": true,
    "location_area_encounters": "https://pokeapi.co/api/v2/pokemon/815/encounters",
    "moves": [
        {
            "move": {
                "name": "fire-punch",
                "url": "https://pokeapi.co/api/v2/move/7/"
            },
            "version_group_details": [
                {
                    "level_learned_at": 0,
                    "move_learn_method": {
                        "name": "machine",
                        "url": "https://pokeapi.co/api/v2/move-learn-method/4/"
                    },
                    "order": null,
                    "version_group": {
                        "name": "sword-shield",
                        "url": "https://pokeapi.co/api/v2/version-group/20/"
                    }
                },
                {
                    "level_learned_at": 0,
                    "move_learn_method": {
                        "name": "machine",
                        "url": "https://pokeapi.co/api/v2/move-learn-method/4/"
                    },
                    "order": null,
                    "version_group": {
                        "name": "scarlet-violet",
                        "url": "https://pokeapi.co/api/v2/version-group/25/"
                    }
                }
            ]
        },
        {
            "move": {
                "name": "swords-dance",
                "url": "https://pokeapi.co/api/v2/move/14/"
            },
            "version_group_details": [
                {
                    "level_learned_at": 0,
                    "move_learn_method": {
                        "name": "machine",
                        "url": "https://pokeapi.co/api/v2/move-learn-method/4/"
                    },
                    "order": null,
                    "version_group": {
                        "name": "scarlet-violet",
                        "url": "https://pokeapi.co/api/v2/version-group/25/"
                    }
                }
            ]
        },
        {
            "move": {
                "name": "double-kick",
                "url": "https://pokeapi.co/api/v2/move/24/"
            },
            "version_group_details": [
                {
                    "level_learned_at": 12,
                    "move_learn_method": {
                        "name": "level-up",
                        "url": "https://pokeapi.co/api/v2/move-learn-method/1/"
                    },
                    "order": null,
                    "version_group": {
                        "name": "sword-shield",
                        "url": "https://pokeapi.co/api/v2/version-group/20/"
                    }
                },
                {
                    "level_learned_at": 12,
                    "move_learn_method": {
                        "name": "level-up",
                        "url": "https://pokeapi.co/api/v2/move-learn-method/1/"
                    },
                    "order": null,
                    "version_group": {
                        "name": "scarlet-violet",
                        "url": "https://pokeapi.co/api/v2/version-group/25/"
                    }
                }
            ]
        },
        {
            "move": {
                "name": "mega-kick",
                "url": "https://pokeapi.co/api/v2/move/25/"
            },
            "version_group_details": [
                {
                    "level_learned_at": 0,
                    "move_learn_method": {
                        "name": "machine",
                        "url": "https://pokeapi.co/api/v2/move-learn-method/4/"
                    },
                    "order": null,
                    "version_group": {
                        "name": "sword-shield",
                        "url": "https://pokeapi.co/api/v2/version-group/20/"
                    }
                }
            ]
        },
        {
            "move": {
                "name": "sand-attack",
                "url": "https://pokeapi.co/api/v2/move/28/"
            },
            "version_group_details": [
                {
                    "level_learned_at": 0,
                    "move_learn_method": {
                        "name": "egg",
                        "url": "https://pokeapi.co/api/v2/move-learn-method/2/"
                    },
                    "order": null,
                    "version_group": {
                        "name": "scarlet-violet",
                        "url": "https://pokeapi.co/api/v2/version-group/25/"
                    }
                }
            ]
        },
        {
            "move": {
                "name": "headbutt",
                "url": "https://pokeapi.co/api/v2/move/29/"
            },
            "version_group_details": [
                {
                    "level_learned_at": 30,
                    "move_learn_method": {
                        "name": "level-up",
                        "url": "https://pokeapi.co/api/v2/move-learn-method/1/"
                    },
                    "order": null,
                    "version_group": {
                        "name": "sword-shield",
                        "url": "https://pokeapi.co/api/v2/version-group/20/"
                    }
                },
                {
                    "level_learned_at": 30,
                    "move_learn_method": {
                        "name": "level-up",
                        "url": "https://pokeapi.co/api/v2/move-learn-method/1/"
                    },
                    "order": null,
                    "version_group": {
                        "name": "scarlet-violet",
                        "url": "https://pokeapi.co/api/v2/version-group/25/"
                    }
                }
            ]
        },
        {
            "move": {
                "name": "tackle",
                "url": "https://pokeapi.co/api/v2/move/33/"
            },
            "version_group_details": [
                {
                    "level_learned_at": 1,
                    "move_learn_method": {
                        "name": "level-up",
                        "url": "https://pokeapi.co/api/v2/move-learn-method/1/"
                    },
                    "order": 3,
                    "version_group": {
                        "name": "sword-shield",
                        "url": "https://pokeapi.co/api/v2/version-group/20/"
                    }
                },
                {
                    "level_learned_at": 1,
                    "move_learn_method": {
                        "name": "level-up",
                        "url": "https://pokeapi.co/api/v2/move-learn-method/1/"
                    },
                    "order": 1,
                    "version_group": {
                        "name": "scarlet-violet",
                        "url": "https://pokeapi.co/api/v2/version-group/25/"
                    }
                }
            ]
        },
        {
            "move": {
                "name": "take-down",
                "url": "https://pokeapi.co/api/v2/move/36/"
            },
            "version_group_details": [
                {
                    "level_learned_at": 0,
                    "move_learn_method": {
                        "name": "machine",
                        "url": "https://pokeapi.co/api/v2/move-learn-method/4/"
                    },
                    "order": null,
                    "version_group": {
                        "name": "scarlet-violet",
                        "url": "https://pokeapi.co/api/v2/version-group/25/"
                    }
                }
            ]
        },
        {
            "move": {
                "name": "double-edge",
                "url": "https://pokeapi.co/api/v2/move/38/"
            },
            "version_group_details": [
                {
                    "level_learned_at": 54,
                    "move_learn_method": {
                        "name": "level-up",
                        "url": "https://pokeapi.co/api/v2/move-learn-method/1/"
                    },
                    "order": null,
                    "version_group": {
                        "name": "sword-shield",
                        "url": "https://pokeapi.co/api/v2/version-group/20/"
                    }
                },
                {
                    "level_learned_at": 54,
                    "move_learn_method": {
                        "name": "level-up",
                        "url": "https://pokeapi.co/api/v2/move-learn-method/1/"
                    },
                    "order": null,
                    "version_group": {
                        "name": "scarlet-violet",
                        "url": "https://pokeapi.co/api/v2/version-group/25/"
                    }
                },
                {
                    "level_learned_at": 0,
                    "move_learn_method": {
                        "name": "machine",
                        "url": "https://pokeapi.co/api/v2/move-learn-method/4/"
                    },
                    "order": null,
                    "version_group": {
                        "name": "scarlet-violet",
                        "url": "https://pokeapi.co/api/v2/version-group/25/"
                    }
                }
            ]
        },
        {
            "move": {
                "name": "growl",
                "url": "https://pokeapi.co/api/v2/move/45/"
            },
            "version_group_details": [
                {
                    "level_learned_at": 1,
                    "move_learn_method": {
                        "name": "level-up",
                        "url": "https://pokeapi.co/api/v2/move-learn-method/1/"
                    },
                    "order": 4,
                    "version_group": {
                        "name": "sword-shield",
                        "url": "https://pokeapi.co/api/v2/version-group/20/"
                    }
                },
                {
                    "level_learned_at": 1,
                    "move_learn_method": {
                        "name": "level-up",
                        "url": "https://pokeapi.co/api/v2/move-learn-method/1/"
                    },
                    "order": 2,
                    "version_group": {
                        "name": "scarlet-violet",
                        "url": "https://pokeapi.co/api/v2/version-group/25/"
                    }
                }
            ]
        },
        {
            "move": {
                "name": "ember",
                "url": "https://pokeapi.co/api/v2/move/52/"
            },
            "version_group_details": [
                {
                    "level_learned_at": 1,
                    "move_learn_method": {
                        "name": "level-up",
                        "url": "https://pokeapi.co/api/v2/move-learn-method/1/"
                    },
                    "order": 5,
                    "version_group": {
                        "name": "sword-shield",
                        "url": "https://pokeapi.co/api/v2/version-group/20/"
                    }
                },
                {
                    "level_learned_at": 1,
                    "move_learn_method": {
                        "name": "level-up",
                        "url": "https://pokeapi.co/api/v2/move-learn-method/1/"
                    },
                    "order": 3,
                    "version_group": {
                        "name": "scarlet-violet",
                        "url": "https://pokeapi.co/api/v2/version-group/25/"
                    }
                }
            ]
        },
        {
            "move": {
                "name": "flamethrower",
                "url": "https://pokeapi.co/api/v2/move/53/"
            },
            "version_group_details": [
                {
                    "level_learned_at": 0,
                    "move_learn_method": {
                        "name": "machine",
                        "url": "https://pokeapi.co/api/v2/move-learn-method/4/"
                    },
                    "order": null,
                    "version_group": {
                        "name": "sword-shield",
                        "url": "https://pokeapi.co/api/v2/version-group/20/"
                    }
                },
                {
                    "level_learned_at": 0,
                    "move_learn_method": {
                        "name": "machine",
                        "url": "https://pokeapi.co/api/v2/move-learn-method/4/"
                    },
                    "order": null,
                    "version_group": {
                        "name": "scarlet-violet",
                        "url": "https://pokeapi.co/api/v2/version-group/25/"
                    }
                }
            ]
        },
        {
            "move": {
                "name": "hyper-beam",
                "url": "https://pokeapi.co/api/v2/move/63/"
            },
            "version_group_details": [
                {
                    "level_learned_at": 0,
                    "move_learn_method": {
                        "name": "machine",
                        "url": "https://pokeapi.co/api/v2/move-learn-method/4/"
                    },
                    "order": null,
                    "version_group": {
                        "name": "sword-shield",
                        "url": "https://pokeapi.co/api/v2/version-group/20/"
                    }
                },
                {
                    "level_learned_at": 0,
                    "move_learn_method": {
                        "name": "machine",
                        "url": "https://pokeapi.co/api/v2/move-learn-method/4/"
                    },
                    "order": null,
                    "version_group": {
                        "name": "scarlet-violet",
                        "url": "https://pokeapi.co/api/v2/version-group/25/"
                    }
                }
            ]
        },
        {
            "move": {
                "name": "low-kick",
                "url": "https://pokeapi.co/api/v2/move/67/"
            },
            "version_group_details": [
                {
                    "level_learned_at": 0,
                    "move_learn_method": {
                        "name": "machine",
                        "url": "https://pokeapi.co/api/v2/move-learn-method/4/"
                    },
                    "order": null,
                    "version_group": {
                        "name": "sword-shield",
                        "url": "https://pokeapi.co/api/v2/version-group/20/"
                    }
                },
                {
                    "level_learned_at": 0,
                    "move_learn_method": {
                        "name": "machine",
                        "url": "https://pokeapi.co/api/v2/move-learn-method/4/"
                    },
                    "order": null,
                    "version_group": {
                        "name": "scarlet-violet",
                        "url": "https://pokeapi.co/api/v2/version-group/25/"
                    }
                }
            ]
        },
        {
            "move": {
                "name": "counter",
                "url": "https://pokeapi.co/api/v2/move/68/"
            },
            "version_group_details": [
                {
                    "level_learned_at": 38,
                    "move_learn_method": {
                        "name": "level-up",
                        "url": "https://pokeapi.co/api/v2/move-learn-method/1/"
                    },
                    "order": null,
                    "version_group": {
                        "name": "sword-shield",
                        "url": "https://pokeapi.co/api/v2/version-group/20/"
                    }
                },
                {
                    "level_learned_at": 38,
                    "move_learn_method": {
                        "name": "level-up",
                        "url": "https://pokeapi.co/api/v2/move-learn-method/1/"
                    },
                    "order": null,
                    "version_group": {
                        "name": "scarlet-violet",
                        "url": "https://pokeapi.co/api/v2/version-group/25/"
                    }
                }
            ]
        },
        {
            "move": {
                "name": "fire-spin",
                "url": "https://pokeapi.co/api/v2/move/83/"
            },
            "version_group_details": [
                {
                    "level_learned_at": 0,
                    "move_learn_method": {
                        "name": "machine",
                        "url": "https://pokeapi.co/api/v2/move-learn-method/4/"
                    },
                    "order": null,
                    "version_group": {
                        "name": "sword-shield",
                        "url": "https://pokeapi.co/api/v2/version-group/20/"
                    }
                },
                {
                    "level_learned_at": 0,
                    "move_learn_method": {
                        "name": "machine",
                        "url": "https://pokeapi.co/api/v2/move-learn-method/4/"
                    },
                    "order": null,
                    "version_group": {
                        "name": "scarlet-violet",
                        "url": "https://pokeapi.co/api/v2/version-group/25/"
                    }
                }
            ]
        },
        {
            "move": {
                "name": "agility",
                "url": "https://pokeapi.co/api/v2/move/97/"
            },
            "version_group_details": [
                {
                    "level_learned_at": 24,
                    "move_learn_method": {
                        "name": "level-up",
                        "url": "https://pokeapi.co/api/v2/move-learn-method/1/"
                    },
                    "order": null,
                    "version_group": {
                        "name": "sword-shield",
                        "url": "https://pokeapi.co/api/v2/version-group/20/"
                    }
                },
                {
                    "level_learned_at": 0,
                    "move_learn_method": {
                        "name": "machine",
                        "url": "https://pokeapi.co/api/v2/move-learn-method/4/"
                    },
                    "order": null,
                    "version_group": {
                        "name": "sword-shield",
                        "url": "https://pokeapi.co/api/v2/version-group/20/"
                    }
                },
                {
                    "level_learned_at": 24,
                    "move_learn_method": {
                        "name": "level-up",
                        "url": "https://pokeapi.co/api/v2/move-learn-method/1/"
                    },
                    "order": null,
                    "version_group": {
                        "name": "scarlet-violet",
                        "url": "https://pokeapi.co/api/v2/version-group/25/"
                    }
                },
                {
                    "level_learned_at": 0,
                    "move_learn_method": {
                        "name": "machine",
                        "url": "https://pokeapi.co/api/v2/move-learn-method/4/"
                    },
                    "order": null,
                    "version_group": {
                        "name": "scarlet-violet",
                        "url": "https://pokeapi.co/api/v2/version-group/25/"
                    }
                }
            ]
        },
        {
            "move": {
                "name": "quick-attack",
                "url": "https://pokeapi.co/api/v2/move/98/"
            },
            "version_group_details": [
                {
                    "level_learned_at": 1,
                    "move_learn_method": {
                        "name": "level-up",
                        "url": "https://pokeapi.co/api/v2/move-learn-method/1/"
                    },
                    "order": 6,
                    "version_group": {
                        "name": "sword-shield",
                        "url": "https://pokeapi.co/api/v2/version-group/20/"
                    }
                },
                {
                    "level_learned_at": 1,
                    "move_learn_method": {
                        "name": "level-up",
                        "url": "https://pokeapi.co/api/v2/move-learn-method/1/"
                    },
                    "order": 4,
                    "version_group": {
                        "name": "scarlet-violet",
                        "url": "https://pokeapi.co/api/v2/version-group/25/"
                    }
                }
            ]
        },
        {
            "move": {
                "name": "focus-energy",
                "url": "https://pokeapi.co/api/v2/move/116/"
            },
            "version_group_details": [
                {
                    "level_learned_at": 0,
                    "move_learn_method": {
                        "name": "machine",
                        "url": "https://pokeapi.co/api/v2/move-learn-method/4/"
                    },
                    "order": null,
                    "version_group": {
                        "name": "sword-shield",
                        "url": "https://pokeapi.co/api/v2/version-group/20/"
                    }
                }
            ]
        },
        {
            "move": {
                "name": "fire-blast",
                "url": "https://pokeapi.co/api/v2/move/126/"
            },
            "version_group_details": [
                {
                    "level_learned_at": 0,
                    "move_learn_method": {
                        "name": "machine",
                        "url": "https://pokeapi.co/api/v2/move-learn-method/4/"
                    },
                    "order": null,
                    "version_group": {
                        "name": "sword-shield",
                        "url": "https://pokeapi.co/api/v2/version-group/20/"
                    }
                },
                {
                    "level_learned_at": 0,
                    "move_learn_method": {
                        "name": "machine",
                        "url": "https://pokeapi.co/api/v2/move-learn-method/4/"
                    },
                    "order": null,
                    "version_group": {
                        "name": "scarlet-violet",
                        "url": "https://pokeapi.co/api/v2/version-group/25/"
                    }
                }
            ]
        },
        {
            "move": {
                "name": "swift",
                "url": "https://pokeapi.co/api/v2/move/129/"
            },
            "version_group_details": [
                {
                    "level_learned_at": 0,
                    "move_learn_method": {
                        "name": "machine",
                        "url": "https://pokeapi.co/api/v2/move-learn-method/4/"
                    },
                    "order": null,
                    "version_group": {
                        "name": "sword-shield",
                        "url": "https://pokeapi.co/api/v2/version-group/20/"
                    }
                },
                {
                    "level_learned_at": 0,
                    "move_learn_method": {
                        "name": "machine",
                        "url": "https://pokeapi.co/api/v2/move-learn-method/4/"
                    },
                    "order": null,
                    "version_group": {
                        "name": "scarlet-violet",
                        "url": "https://pokeapi.co/api/v2/version-group/25/"
                    }
                }
            ]
        },
        {
            "move": {
                "name": "high-jump-kick",
                "url": "https://pokeapi.co/api/v2/move/136/"
            },
            "version_group_details": [
                {
                    "level_learned_at": 0,
                    "move_learn_method": {
                        "name": "egg",
                        "url": "https://pokeapi.co/api/v2/move-learn-method/2/"
                    },
                    "order": null,
                    "version_group": {
                        "name": "scarlet-violet",
                        "url": "https://pokeapi.co/api/v2/version-group/25/"
                    }
                }
            ]
        },
        {
            "move": {
                "name": "rest",
                "url": "https://pokeapi.co/api/v2/move/156/"
            },
            "version_group_details": [
                {
                    "level_learned_at": 0,
                    "move_learn_method": {
                        "name": "machine",
                        "url": "https://pokeapi.co/api/v2/move-learn-method/4/"
                    },
                    "order": null,
                    "version_group": {
                        "name": "sword-shield",
                        "url": "https://pokeapi.co/api/v2/version-group/20/"
                    }
                },
                {
                    "level_learned_at": 0,
                    "move_learn_method": {
                        "name": "machine",
                        "url": "https://pokeapi.co/api/v2/move-learn-method/4/"
                    },
                    "order": null,
                    "version_group": {
                        "name": "scarlet-violet",
                        "url": "https://pokeapi.co/api/v2/version-group/25/"
                    }
                }
            ]
        },
        {
            "move": {
                "name": "super-fang",
                "url": "https://pokeapi.co/api/v2/move/162/"
            },
            "version_group_details": [
                {
                    "level_learned_at": 0,
                    "move_learn_method": {
                        "name": "egg",
                        "url": "https://pokeapi.co/api/v2/move-learn-method/2/"
                    },
                    "order": null,
                    "version_group": {
                        "name": "scarlet-violet",
                        "url": "https://pokeapi.co/api/v2/version-group/25/"
                    }
                },
                {
                    "level_learned_at": 0,
                    "move_learn_method": {
                        "name": "machine",
                        "url": "https://pokeapi.co/api/v2/move-learn-method/4/"
                    },
                    "order": null,
                    "version_group": {
                        "name": "scarlet-violet",
                        "url": "https://pokeapi.co/api/v2/version-group/25/"
                    }
                }
            ]
        },
        {
            "move": {
                "name": "substitute",
                "url": "https://pokeapi.co/api/v2/move/164/"
            },
            "version_group_details": [
                {
                    "level_learned_at": 0,
                    "move_learn_method": {
                        "name": "machine",
                        "url": "https://pokeapi.co/api/v2/move-learn-method/4/"
                    },
                    "order": null,
                    "version_group": {
                        "name": "sword-shield",
                        "url": "https://pokeapi.co/api/v2/version-group/20/"
                    }
                },
                {
                    "level_learned_at": 0,
                    "move_learn_method": {
                        "name": "machine",
                        "url": "https://pokeapi.co/api/v2/move-learn-method/4/"
                    },
                    "order": null,
                    "version_group": {
                        "name": "scarlet-violet",
                        "url": "https://pokeapi.co/api/v2/version-group/25/"
                    }
                }
            ]
        },
        {
            "move": {
                "name": "snore",
                "url": "https://pokeapi.co/api/v2/move/173/"
            },
            "version_group_details": [
                {
                    "level_learned_at": 0,
                    "move_learn_method": {
                        "name": "machine",
                        "url": "https://pokeapi.co/api/v2/move-learn-method/4/"
                    },
                    "order": null,
                    "version_group": {
                        "name": "sword-shield",
                        "url": "https://pokeapi.co/api/v2/version-group/20/"
                    }
                }
            ]
        },
        {
            "move": {
                "name": "reversal",
                "url": "https://pokeapi.co/api/v2/move/179/"
            },
            "version_group_details": [
                {
                    "level_learned_at": 0,
                    "move_learn_method": {
                        "name": "machine",
                        "url": "https://pokeapi.co/api/v2/move-learn-method/4/"
                    },
                    "order": null,
                    "version_group": {
                        "name": "sword-shield",
                        "url": "https://pokeapi.co/api/v2/version-group/20/"
                    }
                },
                {
                    "level_learned_at": 0,
                    "move_learn_method": {
                        "name": "machine",
                        "url": "https://pokeapi.co/api/v2/move-learn-method/4/"
                    },
                    "order": null,
                    "version_group": {
                        "name": "scarlet-violet",
                        "url": "https://pokeapi.co/api/v2/version-group/25/"
                    }
                }
            ]
        },
        {
            "move": {
                "name": "protect",
                "url": "https://pokeapi.co/api/v2/move/182/"
            },
            "version_group_details": [
                {
                    "level_learned_at": 0,
                    "move_learn_method": {
                        "name": "machine",
                        "url": "https://pokeapi.co/api/v2/move-learn-method/4/"
                    },
                    "order": null,
                    "version_group": {
                        "name": "sword-shield",
                        "url": "https://pokeapi.co/api/v2/version-group/20/"
                    }
                },
                {
                    "level_learned_at": 0,
                    "move_learn_method": {
                        "name": "machine",
                        "url": "https://pokeapi.co/api/v2/move-learn-method/4/"
                    },
                    "order": null,
                    "version_group": {
                        "name": "scarlet-violet",
                        "url": "https://pokeapi.co/api/v2/version-group/25/"
                    }
                }
            ]
        },
        {
            "move": {
                "name": "mud-slap",
                "url": "https://pokeapi.co/api/v2/move/189/"
            },
            "version_group_details": [
                {
                    "level_learned_at": 0,
                    "move_learn_method": {
                        "name": "machine",
                        "url": "https://pokeapi.co/api/v2/move-learn-method/4/"
                    },
                    "order": null,
                    "version_group": {
                        "name": "scarlet-violet",
                        "url": "https://pokeapi.co/api/v2/version-group/25/"
                    }
                }
            ]
        },
        {
            "move": {
                "name": "endure",
                "url": "https://pokeapi.co/api/v2/move/203/"
            },
            "version_group_details": [
                {
                    "level_learned_at": 0,
                    "move_learn_method": {
                        "name": "machine",
                        "url": "https://pokeapi.co/api/v2/move-learn-method/4/"
                    },
                    "order": null,
                    "version_group": {
                        "name": "sword-shield",
                        "url": "https://pokeapi.co/api/v2/version-group/20/"
                    }
                },
                {
                    "level_learned_at": 0,
                    "move_learn_method": {
                        "name": "machine",
                        "url": "https://pokeapi.co/api/v2/move-learn-method/4/"
                    },
                    "order": null,
                    "version_group": {
                        "name": "scarlet-violet",
                        "url": "https://pokeapi.co/api/v2/version-group/25/"
                    }
                }
            ]
        },
        {
            "move": {
                "name": "attract",
                "url": "https://pokeapi.co/api/v2/move/213/"
            },
            "version_group_details": [
                {
                    "level_learned_at": 0,
                    "move_learn_method": {
                        "name": "machine",
                        "url": "https://pokeapi.co/api/v2/move-learn-method/4/"
                    },
                    "order": null,
                    "version_group": {
                        "name": "sword-shield",
                        "url": "https://pokeapi.co/api/v2/version-group/20/"
                    }
                }
            ]
        },
        {
            "move": {
                "name": "sleep-talk",
                "url": "https://pokeapi.co/api/v2/move/214/"
            },
            "version_group_details": [
                {
                    "level_learned_at": 0,
                    "move_learn_method": {
                        "name": "machine",
                        "url": "https://pokeapi.co/api/v2/move-learn-method/4/"
                    },
                    "order": null,
                    "version_group": {
                        "name": "sword-shield",
                        "url": "https://pokeapi.co/api/v2/version-group/20/"
                    }
                },
                {
                    "level_learned_at": 0,
                    "move_learn_method": {
                        "name": "machine",
                        "url": "https://pokeapi.co/api/v2/move-learn-method/4/"
                    },
                    "order": null,
                    "version_group": {
                        "name": "scarlet-violet",
                        "url": "https://pokeapi.co/api/v2/version-group/25/"
                    }
                }
            ]
        },
        {
            "move": {
                "name": "baton-pass",
                "url": "https://pokeapi.co/api/v2/move/226/"
            },
            "version_group_details": [
                {
                    "level_learned_at": 0,
                    "move_learn_method": {
                        "name": "machine",
                        "url": "https://pokeapi.co/api/v2/move-learn-method/4/"
                    },
                    "order": null,
                    "version_group": {
                        "name": "sword-shield",
                        "url": "https://pokeapi.co/api/v2/version-group/20/"
                    }
                },
                {
                    "level_learned_at": 0,
                    "move_learn_method": {
                        "name": "machine",
                        "url": "https://pokeapi.co/api/v2/move-learn-method/4/"
                    },
                    "order": null,
                    "version_group": {
                        "name": "scarlet-violet",
                        "url": "https://pokeapi.co/api/v2/version-group/25/"
                    }
                }
            ]
        },
        {
            "move": {
                "name": "sunny-day",
                "url": "https://pokeapi.co/api/v2/move/241/"
            },
            "version_group_details": [
                {
                    "level_learned_at": 0,
                    "move_learn_method": {
                        "name": "machine",
                        "url": "https://pokeapi.co/api/v2/move-learn-method/4/"
                    },
                    "order": null,
                    "version_group": {
                        "name": "sword-shield",
                        "url": "https://pokeapi.co/api/v2/version-group/20/"
                    }
                },
                {
                    "level_learned_at": 0,
                    "move_learn_method": {
                        "name": "machine",
                        "url": "https://pokeapi.co/api/v2/move-learn-method/4/"
                    },
                    "order": null,
                    "version_group": {
                        "name": "scarlet-violet",
                        "url": "https://pokeapi.co/api/v2/version-group/25/"
                    }
                }
            ]
        },
        {
            "move": {
                "name": "shadow-ball",
                "url": "https://pokeapi.co/api/v2/move/247/"
            },
            "version_group_details": [
                {
                    "level_learned_at": 0,
                    "move_learn_method": {
                        "name": "machine",
                        "url": "https://pokeapi.co/api/v2/move-learn-method/4/"
                    },
                    "order": null,
                    "version_group": {
                        "name": "sword-shield",
                        "url": "https://pokeapi.co/api/v2/version-group/20/"
                    }
                },
                {
                    "level_learned_at": 0,
                    "move_learn_method": {
                        "name": "machine",
                        "url": "https://pokeapi.co/api/v2/move-learn-method/4/"
                    },
                    "order": null,
                    "version_group": {
                        "name": "scarlet-violet",
                        "url": "https://pokeapi.co/api/v2/version-group/25/"
                    }
                }
            ]
        },
        {
            "move": {
                "name": "heat-wave",
                "url": "https://pokeapi.co/api/v2/move/257/"
            },
            "version_group_details": [
                {
                    "level_learned_at": 0,
                    "move_learn_method": {
                        "name": "machine",
                        "url": "https://pokeapi.co/api/v2/move-learn-method/4/"
                    },
                    "order": null,
                    "version_group": {
                        "name": "sword-shield",
                        "url": "https://pokeapi.co/api/v2/version-group/20/"
                    }
                },
                {
                    "level_learned_at": 0,
                    "move_learn_method": {
                        "name": "machine",
                        "url": "https://pokeapi.co/api/v2/move-learn-method/4/"
                    },
                    "order": null,
                    "version_group": {
                        "name": "scarlet-violet",
                        "url": "https://pokeapi.co/api/v2/version-group/25/"
                    }
                }
            ]
        },
        {
            "move": {
                "name": "will-o-wisp",
                "url": "https://pokeapi.co/api/v2/move/261/"
            },
            "version_group_details": [
                {
                    "level_learned_at": 0,
                    "move_learn_method": {
                        "name": "machine",
                        "url": "https://pokeapi.co/api/v2/move-learn-method/4/"
                    },
                    "order": null,
                    "version_group": {
                        "name": "scarlet-violet",
                        "url": "https://pokeapi.co/api/v2/version-group/25/"
                    }
                }
            ]
        },
        {
            "move": {
                "name": "facade",
                "url": "https://pokeapi.co/api/v2/move/263/"
            },
            "version_group_details": [
                {
                    "level_learned_at": 0,
                    "move_learn_method": {
                        "name": "machine",
                        "url": "https://pokeapi.co/api/v2/move-learn-method/4/"
                    },
                    "order": null,
                    "version_group": {
                        "name": "sword-shield",
                        "url": "https://pokeapi.co/api/v2/version-group/20/"
                    }
                },
                {
                    "level_learned_at": 0,
                    "move_learn_method": {
                        "name": "machine",
                        "url": "https://pokeapi.co/api/v2/move-learn-method/4/"
                    },
                    "order": null,
                    "version_group": {
                        "name": "scarlet-violet",
                        "url": "https://pokeapi.co/api/v2/version-group/25/"
                    }
                }
            ]
        },
        {
            "move": {
                "name": "taunt",
                "url": "https://pokeapi.co/api/v2/move/269/"
            },
            "version_group_details": [
                {
                    "level_learned_at": 0,
                    "move_learn_method": {
                        "name": "machine",
                        "url": "https://pokeapi.co/api/v2/move-learn-method/4/"
                    },
                    "order": null,
                    "version_group": {
                        "name": "sword-shield",
                        "url": "https://pokeapi.co/api/v2/version-group/20/"
                    }
                },
                {
                    "level_learned_at": 0,
                    "move_learn_method": {
                        "name": "machine",
                        "url": "https://pokeapi.co/api/v2/move-learn-method/4/"
                    },
                    "order": null,
                    "version_group": {
                        "name": "scarlet-violet",
                        "url": "https://pokeapi.co/api/v2/version-group/25/"
                    }
                }
            ]
        },
        {
            "move": {
                "name": "helping-hand",
                "url": "https://pokeapi.co/api/v2/move/270/"
            },
            "version_group_details": [
                {
                    "level_learned_at": 0,
                    "move_learn_method": {
                        "name": "machine",
                        "url": "https://pokeapi.co/api/v2/move-learn-method/4/"
                    },
                    "order": null,
                    "version_group": {
                        "name": "sword-shield",
                        "url": "https://pokeapi.co/api/v2/version-group/20/"
                    }
                },
                {
                    "level_learned_at": 0,
                    "move_learn_method": {
                        "name": "machine",
                        "url": "https://pokeapi.co/api/v2/move-learn-method/4/"
                    },
                    "order": null,
                    "version_group": {
                        "name": "scarlet-violet",
                        "url": "https://pokeapi.co/api/v2/version-group/25/"
                    }
                }
            ]
        },
        {
            "move": {
                "name": "revenge",
                "url": "https://pokeapi.co/api/v2/move/279/"
            },
            "version_group_details": [
                {
                    "level_learned_at": 0,
                    "move_learn_method": {
                        "name": "machine",
                        "url": "https://pokeapi.co/api/v2/move-learn-method/4/"
                    },
                    "order": null,
                    "version_group": {
                        "name": "sword-shield",
                        "url": "https://pokeapi.co/api/v2/version-group/20/"
                    }
                }
            ]
        },
        {
            "move": {
                "name": "blaze-kick",
                "url": "https://pokeapi.co/api/v2/move/299/"
            },
            "version_group_details": [
                {
                    "level_learned_at": 0,
                    "move_learn_method": {
                        "name": "machine",
                        "url": "https://pokeapi.co/api/v2/move-learn-method/4/"
                    },
                    "order": null,
                    "version_group": {
                        "name": "sword-shield",
                        "url": "https://pokeapi.co/api/v2/version-group/20/"
                    }
                }
            ]
        },
        {
            "move": {
                "name": "blast-burn",
                "url": "https://pokeapi.co/api/v2/move/307/"
            },
            "version_group_details": [
                {
                    "level_learned_at": 0,
                    "move_learn_method": {
                        "name": "tutor",
                        "url": "https://pokeapi.co/api/v2/move-learn-method/3/"
                    },
                    "order": null,
                    "version_group": {
                        "name": "sword-shield",
                        "url": "https://pokeapi.co/api/v2/version-group/20/"
                    }
                },
                {
                    "level_learned_at": 0,
                    "move_learn_method": {
                        "name": "machine",
                        "url": "https://pokeapi.co/api/v2/move-learn-method/4/"
                    },
                    "order": null,
                    "version_group": {
                        "name": "scarlet-violet",
                        "url": "https://pokeapi.co/api/v2/version-group/25/"
                    }
                }
            ]
        },
        {
            "move": {
                "name": "weather-ball",
                "url": "https://pokeapi.co/api/v2/move/311/"
            },
            "version_group_details": [
                {
                    "level_learned_at": 0,
                    "move_learn_method": {
                        "name": "machine",
                        "url": "https://pokeapi.co/api/v2/move-learn-method/4/"
                    },
                    "order": null,
                    "version_group": {
                        "name": "scarlet-violet",
                        "url": "https://pokeapi.co/api/v2/version-group/25/"
                    }
                }
            ]
        },
        {
            "move": {
                "name": "overheat",
                "url": "https://pokeapi.co/api/v2/move/315/"
            },
            "version_group_details": [
                {
                    "level_learned_at": 0,
                    "move_learn_method": {
                        "name": "machine",
                        "url": "https://pokeapi.co/api/v2/move-learn-method/4/"
                    },
                    "order": null,
                    "version_group": {
                        "name": "sword-shield",
                        "url": "https://pokeapi.co/api/v2/version-group/20/"
                    }
                },
                {
                    "level_learned_at": 0,
                    "move_learn_method": {
                        "name": "machine",
                        "url": "https://pokeapi.co/api/v2/move-learn-method/4/"
                    },
                    "order": null,
                    "version_group": {
                        "name": "scarlet-violet",
                        "url": "https://pokeapi.co/api/v2/version-group/25/"
                    }
                }
            ]
        },
        {
            "move": {
                "name": "bulk-up",
                "url": "https://pokeapi.co/api/v2/move/339/"
            },
            "version_group_details": [
                {
                    "level_learned_at": 0,
                    "move_learn_method": {
                        "name": "machine",
                        "url": "https://pokeapi.co/api/v2/move-learn-method/4/"
                    },
                    "order": null,
                    "version_group": {
                        "name": "sword-shield",
                        "url": "https://pokeapi.co/api/v2/version-group/20/"
                    }
                },
                {
                    "level_learned_at": 0,
                    "move_learn_method": {
                        "name": "machine",
                        "url": "https://pokeapi.co/api/v2/move-learn-method/4/"
                    },
                    "order": null,
                    "version_group": {
                        "name": "scarlet-violet",
                        "url": "https://pokeapi.co/api/v2/version-group/25/"
                    }
                }
            ]
        },
        {
            "move": {
                "name": "bounce",
                "url": "https://pokeapi.co/api/v2/move/340/"
            },
            "version_group_details": [
                {
                    "level_learned_at": 46,
                    "move_learn_method": {
                        "name": "level-up",
                        "url": "https://pokeapi.co/api/v2/move-learn-method/1/"
                    },
                    "order": null,
                    "version_group": {
                        "name": "sword-shield",
                        "url": "https://pokeapi.co/api/v2/version-group/20/"
                    }
                },
                {
                    "level_learned_at": 0,
                    "move_learn_method": {
                        "name": "machine",
                        "url": "https://pokeapi.co/api/v2/move-learn-method/4/"
                    },
                    "order": null,
                    "version_group": {
                        "name": "sword-shield",
                        "url": "https://pokeapi.co/api/v2/version-group/20/"
                    }
                },
                {
                    "level_learned_at": 46,
                    "move_learn_method": {
                        "name": "level-up",
                        "url": "https://pokeapi.co/api/v2/move-learn-method/1/"
                    },
                    "order": null,
                    "version_group": {
                        "name": "scarlet-violet",
                        "url": "https://pokeapi.co/api/v2/version-group/25/"
                    }
                }
            ]
        },
        {
            "move": {
                "name": "mud-shot",
                "url": "https://pokeapi.co/api/v2/move/341/"
            },
            "version_group_details": [
                {
                    "level_learned_at": 0,
                    "move_learn_method": {
                        "name": "machine",
                        "url": "https://pokeapi.co/api/v2/move-learn-method/4/"
                    },
                    "order": null,
                    "version_group": {
                        "name": "sword-shield",
                        "url": "https://pokeapi.co/api/v2/version-group/20/"
                    }
                },
                {
                    "level_learned_at": 0,
                    "move_learn_method": {
                        "name": "machine",
                        "url": "https://pokeapi.co/api/v2/move-learn-method/4/"
                    },
                    "order": null,
                    "version_group": {
                        "name": "scarlet-violet",
                        "url": "https://pokeapi.co/api/v2/version-group/25/"
                    }
                }
            ]
        },
        {
            "move": {
                "name": "feint",
                "url": "https://pokeapi.co/api/v2/move/364/"
            },
            "version_group_details": [
                {
                    "level_learned_at": 1,
                    "move_learn_method": {
                        "name": "level-up",
                        "url": "https://pokeapi.co/api/v2/move-learn-method/1/"
                    },
                    "order": 2,
                    "version_group": {
                        "name": "sword-shield",
                        "url": "https://pokeapi.co/api/v2/version-group/20/"
                    }
                },
                {
                    "level_learned_at": 1,
                    "move_learn_method": {
                        "name": "level-up",
                        "url": "https://pokeapi.co/api/v2/move-learn-method/1/"
                    },
                    "order": 5,
                    "version_group": {
                        "name": "scarlet-violet",
                        "url": "https://pokeapi.co/api/v2/version-group/25/"
                    }
                }
            ]
        },
        {
            "move": {
                "name": "u-turn",
                "url": "https://pokeapi.co/api/v2/move/369/"
            },
            "version_group_details": [
                {
                    "level_learned_at": 0,
                    "move_learn_method": {
                        "name": "machine",
                        "url": "https://pokeapi.co/api/v2/move-learn-method/4/"
                    },
                    "order": null,
                    "version_group": {
                        "name": "sword-shield",
                        "url": "https://pokeapi.co/api/v2/version-group/20/"
                    }
                },
                {
                    "level_learned_at": 0,
                    "move_learn_method": {
                        "name": "machine",
                        "url": "https://pokeapi.co/api/v2/move-learn-method/4/"
                    },
                    "order": null,
                    "version_group": {
                        "name": "scarlet-violet",
                        "url": "https://pokeapi.co/api/v2/version-group/25/"
                    }
                }
            ]
        },
        {
            "move": {
                "name": "assurance",
                "url": "https://pokeapi.co/api/v2/move/372/"
            },
            "version_group_details": [
                {
                    "level_learned_at": 0,
                    "move_learn_method": {
                        "name": "machine",
                        "url": "https://pokeapi.co/api/v2/move-learn-method/4/"
                    },
                    "order": null,
                    "version_group": {
                        "name": "sword-shield",
                        "url": "https://pokeapi.co/api/v2/version-group/20/"
                    }
                }
            ]
        },
        {
            "move": {
                "name": "fling",
                "url": "https://pokeapi.co/api/v2/move/374/"
            },
            "version_group_details": [
                {
                    "level_learned_at": 0,
                    "move_learn_method": {
                        "name": "machine",
                        "url": "https://pokeapi.co/api/v2/move-learn-method/4/"
                    },
                    "order": null,
                    "version_group": {
                        "name": "scarlet-violet",
                        "url": "https://pokeapi.co/api/v2/version-group/25/"
                    }
                }
            ]
        },
        {
            "move": {
                "name": "sucker-punch",
                "url": "https://pokeapi.co/api/v2/move/389/"
            },
            "version_group_details": [
                {
                    "level_learned_at": 0,
                    "move_learn_method": {
                        "name": "egg",
                        "url": "https://pokeapi.co/api/v2/move-learn-method/2/"
                    },
                    "order": null,
                    "version_group": {
                        "name": "scarlet-violet",
                        "url": "https://pokeapi.co/api/v2/version-group/25/"
                    }
                }
            ]
        },
        {
            "move": {
                "name": "flare-blitz",
                "url": "https://pokeapi.co/api/v2/move/394/"
            },
            "version_group_details": [
                {
                    "level_learned_at": 0,
                    "move_learn_method": {
                        "name": "machine",
                        "url": "https://pokeapi.co/api/v2/move-learn-method/4/"
                    },
                    "order": null,
                    "version_group": {
                        "name": "sword-shield",
                        "url": "https://pokeapi.co/api/v2/version-group/20/"
                    }
                },
                {
                    "level_learned_at": 0,
                    "move_learn_method": {
                        "name": "machine",
                        "url": "https://pokeapi.co/api/v2/move-learn-method/4/"
                    },
                    "order": null,
                    "version_group": {
                        "name": "scarlet-violet",
                        "url": "https://pokeapi.co/api/v2/version-group/25/"
                    }
                }
            ]
        },
        {
            "move": {
                "name": "focus-blast",
                "url": "https://pokeapi.co/api/v2/move/411/"
            },
            "version_group_details": [
                {
                    "level_learned_at": 0,
                    "move_learn_method": {
                        "name": "machine",
                        "url": "https://pokeapi.co/api/v2/move-learn-method/4/"
                    },
                    "order": null,
                    "version_group": {
                        "name": "sword-shield",
                        "url": "https://pokeapi.co/api/v2/version-group/20/"
                    }
                },
                {
                    "level_learned_at": 0,
                    "move_learn_method": {
                        "name": "machine",
                        "url": "https://pokeapi.co/api/v2/move-learn-method/4/"
                    },
                    "order": null,
                    "version_group": {
                        "name": "scarlet-violet",
                        "url": "https://pokeapi.co/api/v2/version-group/25/"
                    }
                }
            ]
        },
        {
            "move": {
                "name": "giga-impact",
                "url": "https://pokeapi.co/api/v2/move/416/"
            },
            "version_group_details": [
                {
                    "level_learned_at": 0,
                    "move_learn_method": {
                        "name": "machine",
                        "url": "https://pokeapi.co/api/v2/move-learn-method/4/"
                    },
                    "order": null,
                    "version_group": {
                        "name": "sword-shield",
                        "url": "https://pokeapi.co/api/v2/version-group/20/"
                    }
                },
                {
                    "level_learned_at": 0,
                    "move_learn_method": {
                        "name": "machine",
                        "url": "https://pokeapi.co/api/v2/move-learn-method/4/"
                    },
                    "order": null,
                    "version_group": {
                        "name": "scarlet-violet",
                        "url": "https://pokeapi.co/api/v2/version-group/25/"
                    }
                }
            ]
        },
        {
            "move": {
                "name": "fire-fang",
                "url": "https://pokeapi.co/api/v2/move/424/"
            },
            "version_group_details": [
                {
                    "level_learned_at": 0,
                    "move_learn_method": {
                        "name": "machine",
                        "url": "https://pokeapi.co/api/v2/move-learn-method/4/"
                    },
                    "order": null,
                    "version_group": {
                        "name": "sword-shield",
                        "url": "https://pokeapi.co/api/v2/version-group/20/"
                    }
                },
                {
                    "level_learned_at": 0,
                    "move_learn_method": {
                        "name": "machine",
                        "url": "https://pokeapi.co/api/v2/move-learn-method/4/"
                    },
                    "order": null,
                    "version_group": {
                        "name": "scarlet-violet",
                        "url": "https://pokeapi.co/api/v2/version-group/25/"
                    }
                }
            ]
        },
        {
            "move": {
                "name": "zen-headbutt",
                "url": "https://pokeapi.co/api/v2/move/428/"
            },
            "version_group_details": [
                {
                    "level_learned_at": 0,
                    "move_learn_method": {
                        "name": "machine",
                        "url": "https://pokeapi.co/api/v2/move-learn-method/4/"
                    },
                    "order": null,
                    "version_group": {
                        "name": "sword-shield",
                        "url": "https://pokeapi.co/api/v2/version-group/20/"
                    }
                },
                {
                    "level_learned_at": 0,
                    "move_learn_method": {
                        "name": "machine",
                        "url": "https://pokeapi.co/api/v2/move-learn-method/4/"
                    },
                    "order": null,
                    "version_group": {
                        "name": "scarlet-violet",
                        "url": "https://pokeapi.co/api/v2/version-group/25/"
                    }
                }
            ]
        },
        {
            "move": {
                "name": "gunk-shot",
                "url": "https://pokeapi.co/api/v2/move/441/"
            },
            "version_group_details": [
                {
                    "level_learned_at": 0,
                    "move_learn_method": {
                        "name": "machine",
                        "url": "https://pokeapi.co/api/v2/move-learn-method/4/"
                    },
                    "order": null,
                    "version_group": {
                        "name": "sword-shield",
                        "url": "https://pokeapi.co/api/v2/version-group/20/"
                    }
                },
                {
                    "level_learned_at": 0,
                    "move_learn_method": {
                        "name": "machine",
                        "url": "https://pokeapi.co/api/v2/move-learn-method/4/"
                    },
                    "order": null,
                    "version_group": {
                        "name": "scarlet-violet",
                        "url": "https://pokeapi.co/api/v2/version-group/25/"
                    }
                }
            ]
        },
        {
            "move": {
                "name": "iron-head",
                "url": "https://pokeapi.co/api/v2/move/442/"
            },
            "version_group_details": [
                {
                    "level_learned_at": 0,
                    "move_learn_method": {
                        "name": "machine",
                        "url": "https://pokeapi.co/api/v2/move-learn-method/4/"
                    },
                    "order": null,
                    "version_group": {
                        "name": "sword-shield",
                        "url": "https://pokeapi.co/api/v2/version-group/20/"
                    }
                },
                {
                    "level_learned_at": 0,
                    "move_learn_method": {
                        "name": "machine",
                        "url": "https://pokeapi.co/api/v2/move-learn-method/4/"
                    },
                    "order": null,
                    "version_group": {
                        "name": "scarlet-violet",
                        "url": "https://pokeapi.co/api/v2/version-group/25/"
                    }
                }
            ]
        },
        {
            "move": {
                "name": "smack-down",
                "url": "https://pokeapi.co/api/v2/move/479/"
            },
            "version_group_details": [
                {
                    "level_learned_at": 0,
                    "move_learn_method": {
                        "name": "machine",
                        "url": "https://pokeapi.co/api/v2/move-learn-method/4/"
                    },
                    "order": null,
                    "version_group": {
                        "name": "scarlet-violet",
                        "url": "https://pokeapi.co/api/v2/version-group/25/"
                    }
                }
            ]
        },
        {
            "move": {
                "name": "electro-ball",
                "url": "https://pokeapi.co/api/v2/move/486/"
            },
            "version_group_details": [
                {
                    "level_learned_at": 0,
                    "move_learn_method": {
                        "name": "machine",
                        "url": "https://pokeapi.co/api/v2/move-learn-method/4/"
                    },
                    "order": null,
                    "version_group": {
                        "name": "sword-shield",
                        "url": "https://pokeapi.co/api/v2/version-group/20/"
                    }
                },
                {
                    "level_learned_at": 0,
                    "move_learn_method": {
                        "name": "machine",
                        "url": "https://pokeapi.co/api/v2/move-learn-method/4/"
                    },
                    "order": null,
                    "version_group": {
                        "name": "scarlet-violet",
                        "url": "https://pokeapi.co/api/v2/version-group/25/"
                    }
                }
            ]
        },
        {
            "move": {
                "name": "flame-charge",
                "url": "https://pokeapi.co/api/v2/move/488/"
            },
            "version_group_details": [
                {
                    "level_learned_at": 19,
                    "move_learn_method": {
                        "name": "level-up",
                        "url": "https://pokeapi.co/api/v2/move-learn-method/1/"
                    },
                    "order": null,
                    "version_group": {
                        "name": "sword-shield",
                        "url": "https://pokeapi.co/api/v2/version-group/20/"
                    }
                },
                {
                    "level_learned_at": 19,
                    "move_learn_method": {
                        "name": "level-up",
                        "url": "https://pokeapi.co/api/v2/move-learn-method/1/"
                    },
                    "order": null,
                    "version_group": {
                        "name": "scarlet-violet",
                        "url": "https://pokeapi.co/api/v2/version-group/25/"
                    }
                },
                {
                    "level_learned_at": 0,
                    "move_learn_method": {
                        "name": "machine",
                        "url": "https://pokeapi.co/api/v2/move-learn-method/4/"
                    },
                    "order": null,
                    "version_group": {
                        "name": "scarlet-violet",
                        "url": "https://pokeapi.co/api/v2/version-group/25/"
                    }
                }
            ]
        },
        {
            "move": {
                "name": "low-sweep",
                "url": "https://pokeapi.co/api/v2/move/490/"
            },
            "version_group_details": [
                {
                    "level_learned_at": 0,
                    "move_learn_method": {
                        "name": "machine",
                        "url": "https://pokeapi.co/api/v2/move-learn-method/4/"
                    },
                    "order": null,
                    "version_group": {
                        "name": "sword-shield",
                        "url": "https://pokeapi.co/api/v2/version-group/20/"
                    }
                },
                {
                    "level_learned_at": 0,
                    "move_learn_method": {
                        "name": "machine",
                        "url": "https://pokeapi.co/api/v2/move-learn-method/4/"
                    },
                    "order": null,
                    "version_group": {
                        "name": "scarlet-violet",
                        "url": "https://pokeapi.co/api/v2/version-group/25/"
                    }
                }
            ]
        },
        {
            "move": {
                "name": "round",
                "url": "https://pokeapi.co/api/v2/move/496/"
            },
            "version_group_details": [
                {
                    "level_learned_at": 0,
                    "move_learn_method": {
                        "name": "machine",
                        "url": "https://pokeapi.co/api/v2/move-learn-method/4/"
                    },
                    "order": null,
                    "version_group": {
                        "name": "sword-shield",
                        "url": "https://pokeapi.co/api/v2/version-group/20/"
                    }
                }
            ]
        },
        {
            "move": {
                "name": "ally-switch",
                "url": "https://pokeapi.co/api/v2/move/502/"
            },
            "version_group_details": [
                {
                    "level_learned_at": 0,
                    "move_learn_method": {
                        "name": "machine",
                        "url": "https://pokeapi.co/api/v2/move-learn-method/4/"
                    },
                    "order": null,
                    "version_group": {
                        "name": "sword-shield",
                        "url": "https://pokeapi.co/api/v2/version-group/20/"
                    }
                }
            ]
        },
        {
            "move": {
                "name": "acrobatics",
                "url": "https://pokeapi.co/api/v2/move/512/"
            },
            "version_group_details": [
                {
                    "level_learned_at": 0,
                    "move_learn_method": {
                        "name": "machine",
                        "url": "https://pokeapi.co/api/v2/move-learn-method/4/"
                    },
                    "order": null,
                    "version_group": {
                        "name": "sword-shield",
                        "url": "https://pokeapi.co/api/v2/version-group/20/"
                    }
                },
                {
                    "level_learned_at": 0,
                    "move_learn_method": {
                        "name": "machine",
                        "url": "https://pokeapi.co/api/v2/move-learn-method/4/"
                    },
                    "order": null,
                    "version_group": {
                        "name": "scarlet-violet",
                        "url": "https://pokeapi.co/api/v2/version-group/25/"
                    }
                }
            ]
        },
        {
            "move": {
                "name": "fire-pledge",
                "url": "https://pokeapi.co/api/v2/move/519/"
            },
            "version_group_details": [
                {
                    "level_learned_at": 0,
                    "move_learn_method": {
                        "name": "tutor",
                        "url": "https://pokeapi.co/api/v2/move-learn-method/3/"
                    },
                    "order": null,
                    "version_group": {
                        "name": "sword-shield",
                        "url": "https://pokeapi.co/api/v2/version-group/20/"
                    }
                },
                {
                    "level_learned_at": 0,
                    "move_learn_method": {
                        "name": "machine",
                        "url": "https://pokeapi.co/api/v2/move-learn-method/4/"
                    },
                    "order": null,
                    "version_group": {
                        "name": "scarlet-violet",
                        "url": "https://pokeapi.co/api/v2/version-group/25/"
                    }
                }
            ]
        },
        {
            "move": {
                "name": "work-up",
                "url": "https://pokeapi.co/api/v2/move/526/"
            },
            "version_group_details": [
                {
                    "level_learned_at": 0,
                    "move_learn_method": {
                        "name": "machine",
                        "url": "https://pokeapi.co/api/v2/move-learn-method/4/"
                    },
                    "order": null,
                    "version_group": {
                        "name": "sword-shield",
                        "url": "https://pokeapi.co/api/v2/version-group/20/"
                    }
                }
            ]
        },
        {
            "move": {
                "name": "snarl",
                "url": "https://pokeapi.co/api/v2/move/555/"
            },
            "version_group_details": [
                {
                    "level_learned_at": 0,
                    "move_learn_method": {
                        "name": "machine",
                        "url": "https://pokeapi.co/api/v2/move-learn-method/4/"
                    },
                    "order": null,
                    "version_group": {
                        "name": "sword-shield",
                        "url": "https://pokeapi.co/api/v2/version-group/20/"
                    }
                },
                {
                    "level_learned_at": 0,
                    "move_learn_method": {
                        "name": "machine",
                        "url": "https://pokeapi.co/api/v2/move-learn-method/4/"
                    },
                    "order": null,
                    "version_group": {
                        "name": "scarlet-violet",
                        "url": "https://pokeapi.co/api/v2/version-group/25/"
                    }
                }
            ]
        },
        {
            "move": {
                "name": "court-change",
                "url": "https://pokeapi.co/api/v2/move/756/"
            },
            "version_group_details": [
                {
                    "level_learned_at": 62,
                    "move_learn_method": {
                        "name": "level-up",
                        "url": "https://pokeapi.co/api/v2/move-learn-method/1/"
                    },
                    "order": null,
                    "version_group": {
                        "name": "sword-shield",
                        "url": "https://pokeapi.co/api/v2/version-group/20/"
                    }
                },
                {
                    "level_learned_at": 62,
                    "move_learn_method": {
                        "name": "level-up",
                        "url": "https://pokeapi.co/api/v2/move-learn-method/1/"
                    },
                    "order": null,
                    "version_group": {
                        "name": "scarlet-violet",
                        "url": "https://pokeapi.co/api/v2/version-group/25/"
                    }
                }
            ]
        },
        {
            "move": {
                "name": "pyro-ball",
                "url": "https://pokeapi.co/api/v2/move/780/"
            },
            "version_group_details": [
                {
                    "level_learned_at": 0,
                    "move_learn_method": {
                        "name": "level-up",
                        "url": "https://pokeapi.co/api/v2/move-learn-method/1/"
                    },
                    "order": null,
                    "version_group": {
                        "name": "sword-shield",
                        "url": "https://pokeapi.co/api/v2/version-group/20/"
                    }
                },
                {
                    "level_learned_at": 1,
                    "move_learn_method": {
                        "name": "level-up",
                        "url": "https://pokeapi.co/api/v2/move-learn-method/1/"
                    },
                    "order": 1,
                    "version_group": {
                        "name": "sword-shield",
                        "url": "https://pokeapi.co/api/v2/version-group/20/"
                    }
                },
                {
                    "level_learned_at": 0,
                    "move_learn_method": {
                        "name": "level-up",
                        "url": "https://pokeapi.co/api/v2/move-learn-method/1/"
                    },
                    "order": null,
                    "version_group": {
                        "name": "scarlet-violet",
                        "url": "https://pokeapi.co/api/v2/version-group/25/"
                    }
                }
            ]
        },
        {
            "move": {
                "name": "burning-jealousy",
                "url": "https://pokeapi.co/api/v2/move/807/"
            },
            "version_group_details": [
                {
                    "level_learned_at": 0,
                    "move_learn_method": {
                        "name": "machine",
                        "url": "https://pokeapi.co/api/v2/move-learn-method/4/"
                    },
                    "order": null,
                    "version_group": {
                        "name": "scarlet-violet",
                        "url": "https://pokeapi.co/api/v2/version-group/25/"
                    }
                }
            ]
        },
        {
            "move": {
                "name": "coaching",
                "url": "https://pokeapi.co/api/v2/move/811/"
            },
            "version_group_details": [
                {
                    "level_learned_at": 0,
                    "move_learn_method": {
                        "name": "tutor",
                        "url": "https://pokeapi.co/api/v2/move-learn-method/3/"
                    },
                    "order": null,
                    "version_group": {
                        "name": "sword-shield",
                        "url": "https://pokeapi.co/api/v2/version-group/20/"
                    }
                },
                {
                    "level_learned_at": 0,
                    "move_learn_method": {
                        "name": "machine",
                        "url": "https://pokeapi.co/api/v2/move-learn-method/4/"
                    },
                    "order": null,
                    "version_group": {
                        "name": "scarlet-violet",
                        "url": "https://pokeapi.co/api/v2/version-group/25/"
                    }
                }
            ]
        },
        {
            "move": {
                "name": "scorching-sands",
                "url": "https://pokeapi.co/api/v2/move/815/"
            },
            "version_group_details": [
                {
                    "level_learned_at": 0,
                    "move_learn_method": {
                        "name": "tutor",
                        "url": "https://pokeapi.co/api/v2/move-learn-method/3/"
                    },
                    "order": null,
                    "version_group": {
                        "name": "sword-shield",
                        "url": "https://pokeapi.co/api/v2/version-group/20/"
                    }
                },
                {
                    "level_learned_at": 0,
                    "move_learn_method": {
                        "name": "machine",
                        "url": "https://pokeapi.co/api/v2/move-learn-method/4/"
                    },
                    "order": null,
                    "version_group": {
                        "name": "scarlet-violet",
                        "url": "https://pokeapi.co/api/v2/version-group/25/"
                    }
                }
            ]
        },
        {
            "move": {
                "name": "tera-blast",
                "url": "https://pokeapi.co/api/v2/move/851/"
            },
            "version_group_details": [
                {
                    "level_learned_at": 0,
                    "move_learn_method": {
                        "name": "machine",
                        "url": "https://pokeapi.co/api/v2/move-learn-method/4/"
                    },
                    "order": null,
                    "version_group": {
                        "name": "scarlet-violet",
                        "url": "https://pokeapi.co/api/v2/version-group/25/"
                    }
                }
            ]
        },
        {
            "move": {
                "name": "trailblaze",
                "url": "https://pokeapi.co/api/v2/move/885/"
            },
            "version_group_details": [
                {
                    "level_learned_at": 0,
                    "move_learn_method": {
                        "name": "machine",
                        "url": "https://pokeapi.co/api/v2/move-learn-method/4/"
                    },
                    "order": null,
                    "version_group": {
                        "name": "scarlet-violet",
                        "url": "https://pokeapi.co/api/v2/version-group/25/"
                    }
                }
            ]
        },
        {
            "move": {
                "name": "temper-flare",
                "url": "https://pokeapi.co/api/v2/move/915/"
            },
            "version_group_details": [
                {
                    "level_learned_at": 0,
                    "move_learn_method": {
                        "name": "machine",
                        "url": "https://pokeapi.co/api/v2/move-learn-method/4/"
                    },
                    "order": null,
                    "version_group": {
                        "name": "scarlet-violet",
                        "url": "https://pokeapi.co/api/v2/version-group/25/"
                    }
                }
            ]
        }
    ],
    "name": "cinderace",
    "order": 996,
    "past_abilities": [],
    "past_types": [],
    "species": {
        "name": "cinderace",
        "url": "https://pokeapi.co/api/v2/pokemon-species/815/"
    },
    "sprites": {
        "back_default": "https://raw.githubusercontent.com/PokeAPI/sprites/master/sprites/pokemon/back/815.png",
        "back_female": null,
        "back_shiny": "https://raw.githubusercontent.com/PokeAPI/sprites/master/sprites/pokemon/back/shiny/815.png",
        "back_shiny_female": null,
        "front_default": "https://raw.githubusercontent.com/PokeAPI/sprites/master/sprites/pokemon/815.png",
        "front_female": null,
        "front_shiny": "https://raw.githubusercontent.com/PokeAPI/sprites/master/sprites/pokemon/shiny/815.png",
        "front_shiny_female": null,
        "other": {
            "dream_world": {
                "front_default": null,
                "front_female": null
            },
            "home": {
                "front_default": "https://raw.githubusercontent.com/PokeAPI/sprites/master/sprites/pokemon/other/home/815.png",
                "front_female": null,
                "front_shiny": "https://raw.githubusercontent.com/PokeAPI/sprites/master/sprites/pokemon/other/home/shiny/815.png",
                "front_shiny_female": null
            },
            "official-artwork": {
                "front_default": "https://raw.githubusercontent.com/PokeAPI/sprites/master/sprites/pokemon/other/official-artwork/815.png",
                "front_shiny": "https://raw.githubusercontent.com/PokeAPI/sprites/master/sprites/pokemon/other/official-artwork/shiny/815.png"
            },
            "showdown": {
                "back_default": "https://raw.githubusercontent.com/PokeAPI/sprites/master/sprites/pokemon/other/showdown/back/815.gif",
                "back_female": null,
                "back_shiny": "https://raw.githubusercontent.com/PokeAPI/sprites/master/sprites/pokemon/other/showdown/back/shiny/815.gif",
                "back_shiny_female": null,
                "front_default": "https://raw.githubusercontent.com/PokeAPI/sprites/master/sprites/pokemon/other/showdown/815.gif",
                "front_female": null,
                "front_shiny": "https://raw.githubusercontent.com/PokeAPI/sprites/master/sprites/pokemon/other/showdown/shiny/815.gif",
                "front_shiny_female": null
            }
        },
        "versions": {
            "generation-i": {
                "red-blue": {
                    "back_default": null,
                    "back_gray": null,
                    "back_transparent": null,
                    "front_default": null,
                    "front_gray": null,
                    "front_transparent": null
                },
                "yellow": {
                    "back_default": null,
                    "back_gray": null,
                    "back_transparent": null,
                    "front_default": null,
                    "front_gray": null,
                    "front_transparent": null
                }
            },
            "generation-ii": {
                "crystal": {
                    "back_default": null,
                    "back_shiny": null,
                    "back_shiny_transparent": null,
                    "back_transparent": null,
                    "front_default": null,
                    "front_shiny": null,
                    "front_shiny_transparent": null,
                    "front_transparent": null
                },
                "gold": {
                    "back_default": null,
                    "back_shiny": null,
                    "front_default": null,
                    "front_shiny": null,
                    "front_transparent": null
                },
                "silver": {
                    "back_default": null,
                    "back_shiny": null,
                    "front_default": null,
                    "front_shiny": null,
                    "front_transparent": null
                }
            },
            "generation-iii": {
                "emerald": {
                    "front_default": null,
                    "front_shiny": null
                },
                "firered-leafgreen": {
                    "back_default": null,
                    "back_shiny": null,
                    "front_default": null,
                    "front_shiny": null
                },
                "ruby-sapphire": {
                    "back_default": null,
                    "back_shiny": null,
                    "front_default": null,
                    "front_shiny": null
                }
            },
            "generation-iv": {
                "diamond-pearl": {
                    "back_default": null,
                    "back_female": null,
                    "back_shiny": null,
                    "back_shiny_female": null,
                    "front_default": null,
                    "front_female": null,
                    "front_shiny": null,
                    "front_shiny_female": null
                },
                "heartgold-soulsilver": {
                    "back_default": null,
                    "back_female": null,
                    "back_shiny": null,
                    "back_shiny_female": null,
                    "front_default": null,
                    "front_female": null,
                    "front_shiny": null,
                    "front_shiny_female": null
                },
                "platinum": {
                    "back_default": null,
                    "back_female": null,
                    "back_shiny": null,
                    "back_shiny_female": null,
                    "front_default": null,
                    "front_female": null,
                    "front_shiny": null,
                    "front_shiny_female": null
                }
            },
            "generation-v": {
                "black-white": {
                    "animated": {
                        "back_default": null,
                        "back_female": null,
                        "back_shiny": null,
                        "back_shiny_female": null,
                        "front_default": null,
                        "front_female": null,
                        "front_shiny": null,
                        "front_shiny_female": null
                    },
                    "back_default": "https://raw.githubusercontent.com/PokeAPI/sprites/master/sprites/pokemon/versions/generation-v/black-white/back/815.png",
                    "back_female": null,
                    "back_shiny": "https://raw.githubusercontent.com/PokeAPI/sprites/master/sprites/pokemon/versions/generation-v/black-white/back/shiny/815.png",
                    "back_shiny_female": null,
                    "front_default": "https://raw.githubusercontent.com/PokeAPI/sprites/master/sprites/pokemon/versions/generation-v/black-white/815.png",
                    "front_female": null,
                    "front_shiny": "https://raw.githubusercontent.com/PokeAPI/sprites/master/sprites/pokemon/versions/generation-v/black-white/shiny/815.png",
                    "front_shiny_female": null
                }
            },
            "generation-vi": {
                "omegaruby-alphasapphire": {
                    "front_default": null,
                    "front_female": null,
                    "front_shiny": null,
                    "front_shiny_female": null
                },
                "x-y": {
                    "front_default": null,
                    "front_female": null,
                    "front_shiny": null,
                    "front_shiny_female": null
                }
            },
            "generation-vii": {
                "icons": {
                    "front_default": null,
                    "front_female": null
                },
                "ultra-sun-ultra-moon": {
                    "front_default": null,
                    "front_female": null,
                    "front_shiny": null,
                    "front_shiny_female": null
                }
            },
            "generation-viii": {
                "icons": {
                    "front_default": "https://raw.githubusercontent.com/PokeAPI/sprites/master/sprites/pokemon/versions/generation-viii/icons/815.png",
                    "front_female": null
                }
            }
        }
    },
    "stats": [
        {
            "base_stat": 80,
            "effort": 0,
            "stat": {
                "name": "hp",
                "url": "https://pokeapi.co/api/v2/stat/1/"
            }
        },
        {
            "base_stat": 116,
            "effort": 0,
            "stat": {
                "name": "attack",
                "url": "https://pokeapi.co/api/v2/stat/2/"
            }
        },
        {
            "base_stat": 75,
            "effort": 0,
            "stat": {
                "name": "defense",
                "url": "https://pokeapi.co/api/v2/stat/3/"
            }
        },
        {
            "base_stat": 65,
            "effort": 0,
            "stat": {
                "name": "special-attack",
                "url": "https://pokeapi.co/api/v2/stat/4/"
            }
        },
        {
            "base_stat": 75,
            "effort": 0,
            "stat": {
                "name": "special-defense",
                "url": "https://pokeapi.co/api/v2/stat/5/"
            }
        },
        {
            "base_stat": 119,
            "effort": 3,
            "stat": {
                "name": "speed",
                "url": "https://pokeapi.co/api/v2/stat/6/"
            }
        }
    ],
    "types": [
        {
            "slot": 1,
            "type": {
                "name": "fire",
                "url": "https://pokeapi.co/api/v2/type/10/"
            }
        }
    ],
    "weight": 330
}