{
    "abilities": [
        {
            "ability": {
                "name": "limber",
                "url": "https://pokeapi.co/api/v2/ability/7/"
            },
            "is_hidden": false,
            "slot": 1
        },
        {
            "ability": {
                "name": "technician",
                "url": "https://pokeapi.co/api/v2/ability/101/"
            },
            "is_hidden": true,
            "slot": 3
        }
    ],
    "base_experience": 62,
    "cries": {
        "latest": "https://raw.githubusercontent.com/PokeAPI/cries/main/cries/pokemon/latest/852.ogg",
        "legacy": null
    },
    "forms": [
        {
            "name": "clobbopus",
            "url": "https://pokeapi.co/api/v2/pokemon-form/852/"
        }
    ],
    "game_indices": [],
    "height": 6,
    "held_items": [],
    "id": 852,
    "is_default": true,
    "location_area_encounters": "https://pokeapi.co/api/v2/pokemon/852/encounters",
    "moves": [
        {
            "move": {
                "name": "mega-punch",
                "url": "https://pokeapi.co/api/v2/move/5/"
            },
            "version_group_details": [
                {
                    "level_learned_at": 0,
                    "move_learn_method": {
                        "name": "machine",
                        "url": "https://pokeapi.co/api/v2/move-learn-method/4/"
                    },
                    "order": null,
                    "version_group": {
                        "name": "sword-shield",
                        "url": "https://pokeapi.co/api/v2/version-group/20/"
                    }
                }
            ]
        },
        {
            "move": {
                "name": "ice-punch",
                "url": "https://pokeapi.co/api/v2/move/8/"
            },
            "version_group_details": [
                {
                    "level_learned_at": 0,
                    "move_learn_method": {
                        "name": "machine",
                        "url": "https://pokeapi.co/api/v2/move-learn-method/4/"
                    },
                    "order": null,
                    "version_group": {
                        "name": "sword-shield",
                        "url": "https://pokeapi.co/api/v2/version-group/20/"
                    }
                }
            ]
        },
        {
            "move": {
                "name": "bind",
                "url": "https://pokeapi.co/api/v2/move/20/"
            },
            "version_group_details": [
                {
                    "level_learned_at": 10,
                    "move_learn_method": {
                        "name": "level-up",
                        "url": "https://pokeapi.co/api/v2/move-learn-method/1/"
                    },
                    "order": null,
                    "version_group": {
                        "name": "sword-shield",
                        "url": "https://pokeapi.co/api/v2/version-group/20/"
                    }
                }
            ]
        },
        {
            "move": {
                "name": "body-slam",
                "url": "https://pokeapi.co/api/v2/move/34/"
            },
            "version_group_details": [
                {
                    "level_learned_at": 0,
                    "move_learn_method": {
                        "name": "machine",
                        "url": "https://pokeapi.co/api/v2/move-learn-method/4/"
                    },
                    "order": null,
                    "version_group": {
                        "name": "sword-shield",
                        "url": "https://pokeapi.co/api/v2/version-group/20/"
                    }
                }
            ]
        },
        {
            "move": {
                "name": "leer",
                "url": "https://pokeapi.co/api/v2/move/43/"
            },
            "version_group_details": [
                {
                    "level_learned_at": 1,
                    "move_learn_method": {
                        "name": "level-up",
                        "url": "https://pokeapi.co/api/v2/move-learn-method/1/"
                    },
                    "order": 2,
                    "version_group": {
                        "name": "sword-shield",
                        "url": "https://pokeapi.co/api/v2/version-group/20/"
                    }
                }
            ]
        },
        {
            "move": {
                "name": "submission",
                "url": "https://pokeapi.co/api/v2/move/66/"
            },
            "version_group_details": [
                {
                    "level_learned_at": 30,
                    "move_learn_method": {
                        "name": "level-up",
                        "url": "https://pokeapi.co/api/v2/move-learn-method/1/"
                    },
                    "order": null,
                    "version_group": {
                        "name": "sword-shield",
                        "url": "https://pokeapi.co/api/v2/version-group/20/"
                    }
                }
            ]
        },
        {
            "move": {
                "name": "seismic-toss",
                "url": "https://pokeapi.co/api/v2/move/69/"
            },
            "version_group_details": [
                {
                    "level_learned_at": 0,
                    "move_learn_method": {
                        "name": "egg",
                        "url": "https://pokeapi.co/api/v2/move-learn-method/2/"
                    },
                    "order": null,
                    "version_group": {
                        "name": "sword-shield",
                        "url": "https://pokeapi.co/api/v2/version-group/20/"
                    }
                }
            ]
        },
        {
            "move": {
                "name": "waterfall",
                "url": "https://pokeapi.co/api/v2/move/127/"
            },
            "version_group_details": [
                {
                    "level_learned_at": 0,
                    "move_learn_method": {
                        "name": "machine",
                        "url": "https://pokeapi.co/api/v2/move-learn-method/4/"
                    },
                    "order": null,
                    "version_group": {
                        "name": "sword-shield",
                        "url": "https://pokeapi.co/api/v2/version-group/20/"
                    }
                }
            ]
        },
        {
            "move": {
                "name": "rest",
                "url": "https://pokeapi.co/api/v2/move/156/"
            },
            "version_group_details": [
                {
                    "level_learned_at": 0,
                    "move_learn_method": {
                        "name": "machine",
                        "url": "https://pokeapi.co/api/v2/move-learn-method/4/"
                    },
                    "order": null,
                    "version_group": {
                        "name": "sword-shield",
                        "url": "https://pokeapi.co/api/v2/version-group/20/"
                    }
                }
            ]
        },
        {
            "move": {
                "name": "substitute",
                "url": "https://pokeapi.co/api/v2/move/164/"
            },
            "version_group_details": [
                {
                    "level_learned_at": 0,
                    "move_learn_method": {
                        "name": "machine",
                        "url": "https://pokeapi.co/api/v2/move-learn-method/4/"
                    },
                    "order": null,
                    "version_group": {
                        "name": "sword-shield",
                        "url": "https://pokeapi.co/api/v2/version-group/20/"
                    }
                }
            ]
        },
        {
            "move": {
                "name": "snore",
                "url": "https://pokeapi.co/api/v2/move/173/"
            },
            "version_group_details": [
                {
                    "level_learned_at": 0,
                    "move_learn_method": {
                        "name": "machine",
                        "url": "https://pokeapi.co/api/v2/move-learn-method/4/"
                    },
                    "order": null,
                    "version_group": {
                        "name": "sword-shield",
                        "url": "https://pokeapi.co/api/v2/version-group/20/"
                    }
                }
            ]
        },
        {
            "move": {
                "name": "reversal",
                "url": "https://pokeapi.co/api/v2/move/179/"
            },
            "version_group_details": [
                {
                    "level_learned_at": 40,
                    "move_learn_method": {
                        "name": "level-up",
                        "url": "https://pokeapi.co/api/v2/move-learn-method/1/"
                    },
                    "order": null,
                    "version_group": {
                        "name": "sword-shield",
                        "url": "https://pokeapi.co/api/v2/version-group/20/"
                    }
                },
                {
                    "level_learned_at": 0,
                    "move_learn_method": {
                        "name": "machine",
                        "url": "https://pokeapi.co/api/v2/move-learn-method/4/"
                    },
                    "order": null,
                    "version_group": {
                        "name": "sword-shield",
                        "url": "https://pokeapi.co/api/v2/version-group/20/"
                    }
                }
            ]
        },
        {
            "move": {
                "name": "protect",
                "url": "https://pokeapi.co/api/v2/move/182/"
            },
            "version_group_details": [
                {
                    "level_learned_at": 0,
                    "move_learn_method": {
                        "name": "machine",
                        "url": "https://pokeapi.co/api/v2/move-learn-method/4/"
                    },
                    "order": null,
                    "version_group": {
                        "name": "sword-shield",
                        "url": "https://pokeapi.co/api/v2/version-group/20/"
                    }
                }
            ]
        },
        {
            "move": {
                "name": "detect",
                "url": "https://pokeapi.co/api/v2/move/197/"
            },
            "version_group_details": [
                {
                    "level_learned_at": 15,
                    "move_learn_method": {
                        "name": "level-up",
                        "url": "https://pokeapi.co/api/v2/move-learn-method/1/"
                    },
                    "order": null,
                    "version_group": {
                        "name": "sword-shield",
                        "url": "https://pokeapi.co/api/v2/version-group/20/"
                    }
                }
            ]
        },
        {
            "move": {
                "name": "endure",
                "url": "https://pokeapi.co/api/v2/move/203/"
            },
            "version_group_details": [
                {
                    "level_learned_at": 0,
                    "move_learn_method": {
                        "name": "machine",
                        "url": "https://pokeapi.co/api/v2/move-learn-method/4/"
                    },
                    "order": null,
                    "version_group": {
                        "name": "sword-shield",
                        "url": "https://pokeapi.co/api/v2/version-group/20/"
                    }
                }
            ]
        },
        {
            "move": {
                "name": "attract",
                "url": "https://pokeapi.co/api/v2/move/213/"
            },
            "version_group_details": [
                {
                    "level_learned_at": 0,
                    "move_learn_method": {
                        "name": "machine",
                        "url": "https://pokeapi.co/api/v2/move-learn-method/4/"
                    },
                    "order": null,
                    "version_group": {
                        "name": "sword-shield",
                        "url": "https://pokeapi.co/api/v2/version-group/20/"
                    }
                }
            ]
        },
        {
            "move": {
                "name": "sleep-talk",
                "url": "https://pokeapi.co/api/v2/move/214/"
            },
            "version_group_details": [
                {
                    "level_learned_at": 0,
                    "move_learn_method": {
                        "name": "machine",
                        "url": "https://pokeapi.co/api/v2/move-learn-method/4/"
                    },
                    "order": null,
                    "version_group": {
                        "name": "sword-shield",
                        "url": "https://pokeapi.co/api/v2/version-group/20/"
                    }
                }
            ]
        },
        {
            "move": {
                "name": "pain-split",
                "url": "https://pokeapi.co/api/v2/move/220/"
            },
            "version_group_details": [
                {
                    "level_learned_at": 0,
                    "move_learn_method": {
                        "name": "egg",
                        "url": "https://pokeapi.co/api/v2/move-learn-method/2/"
                    },
                    "order": null,
                    "version_group": {
                        "name": "sword-shield",
                        "url": "https://pokeapi.co/api/v2/version-group/20/"
                    }
                }
            ]
        },
        {
            "move": {
                "name": "rock-smash",
                "url": "https://pokeapi.co/api/v2/move/249/"
            },
            "version_group_details": [
                {
                    "level_learned_at": 1,
                    "move_learn_method": {
                        "name": "level-up",
                        "url": "https://pokeapi.co/api/v2/move-learn-method/1/"
                    },
                    "order": 1,
                    "version_group": {
                        "name": "sword-shield",
                        "url": "https://pokeapi.co/api/v2/version-group/20/"
                    }
                }
            ]
        },
        {
            "move": {
                "name": "facade",
                "url": "https://pokeapi.co/api/v2/move/263/"
            },
            "version_group_details": [
                {
                    "level_learned_at": 0,
                    "move_learn_method": {
                        "name": "machine",
                        "url": "https://pokeapi.co/api/v2/move-learn-method/4/"
                    },
                    "order": null,
                    "version_group": {
                        "name": "sword-shield",
                        "url": "https://pokeapi.co/api/v2/version-group/20/"
                    }
                }
            ]
        },
        {
            "move": {
                "name": "taunt",
                "url": "https://pokeapi.co/api/v2/move/269/"
            },
            "version_group_details": [
                {
                    "level_learned_at": 35,
                    "move_learn_method": {
                        "name": "level-up",
                        "url": "https://pokeapi.co/api/v2/move-learn-method/1/"
                    },
                    "order": null,
                    "version_group": {
                        "name": "sword-shield",
                        "url": "https://pokeapi.co/api/v2/version-group/20/"
                    }
                },
                {
                    "level_learned_at": 0,
                    "move_learn_method": {
                        "name": "machine",
                        "url": "https://pokeapi.co/api/v2/move-learn-method/4/"
                    },
                    "order": null,
                    "version_group": {
                        "name": "sword-shield",
                        "url": "https://pokeapi.co/api/v2/version-group/20/"
                    }
                }
            ]
        },
        {
            "move": {
                "name": "superpower",
                "url": "https://pokeapi.co/api/v2/move/276/"
            },
            "version_group_details": [
                {
                    "level_learned_at": 45,
                    "move_learn_method": {
                        "name": "level-up",
                        "url": "https://pokeapi.co/api/v2/move-learn-method/1/"
                    },
                    "order": null,
                    "version_group": {
                        "name": "sword-shield",
                        "url": "https://pokeapi.co/api/v2/version-group/20/"
                    }
                },
                {
                    "level_learned_at": 0,
                    "move_learn_method": {
                        "name": "machine",
                        "url": "https://pokeapi.co/api/v2/move-learn-method/4/"
                    },
                    "order": null,
                    "version_group": {
                        "name": "sword-shield",
                        "url": "https://pokeapi.co/api/v2/version-group/20/"
                    }
                }
            ]
        },
        {
            "move": {
                "name": "revenge",
                "url": "https://pokeapi.co/api/v2/move/279/"
            },
            "version_group_details": [
                {
                    "level_learned_at": 0,
                    "move_learn_method": {
                        "name": "machine",
                        "url": "https://pokeapi.co/api/v2/move-learn-method/4/"
                    },
                    "order": null,
                    "version_group": {
                        "name": "sword-shield",
                        "url": "https://pokeapi.co/api/v2/version-group/20/"
                    }
                }
            ]
        },
        {
            "move": {
                "name": "brick-break",
                "url": "https://pokeapi.co/api/v2/move/280/"
            },
            "version_group_details": [
                {
                    "level_learned_at": 20,
                    "move_learn_method": {
                        "name": "level-up",
                        "url": "https://pokeapi.co/api/v2/move-learn-method/1/"
                    },
                    "order": null,
                    "version_group": {
                        "name": "sword-shield",
                        "url": "https://pokeapi.co/api/v2/version-group/20/"
                    }
                },
                {
                    "level_learned_at": 0,
                    "move_learn_method": {
                        "name": "machine",
                        "url": "https://pokeapi.co/api/v2/move-learn-method/4/"
                    },
                    "order": null,
                    "version_group": {
                        "name": "sword-shield",
                        "url": "https://pokeapi.co/api/v2/version-group/20/"
                    }
                }
            ]
        },
        {
            "move": {
                "name": "dive",
                "url": "https://pokeapi.co/api/v2/move/291/"
            },
            "version_group_details": [
                {
                    "level_learned_at": 0,
                    "move_learn_method": {
                        "name": "machine",
                        "url": "https://pokeapi.co/api/v2/move-learn-method/4/"
                    },
                    "order": null,
                    "version_group": {
                        "name": "sword-shield",
                        "url": "https://pokeapi.co/api/v2/version-group/20/"
                    }
                }
            ]
        },
        {
            "move": {
                "name": "muddy-water",
                "url": "https://pokeapi.co/api/v2/move/330/"
            },
            "version_group_details": [
                {
                    "level_learned_at": 0,
                    "move_learn_method": {
                        "name": "machine",
                        "url": "https://pokeapi.co/api/v2/move-learn-method/4/"
                    },
                    "order": null,
                    "version_group": {
                        "name": "sword-shield",
                        "url": "https://pokeapi.co/api/v2/version-group/20/"
                    }
                }
            ]
        },
        {
            "move": {
                "name": "bulk-up",
                "url": "https://pokeapi.co/api/v2/move/339/"
            },
            "version_group_details": [
                {
                    "level_learned_at": 25,
                    "move_learn_method": {
                        "name": "level-up",
                        "url": "https://pokeapi.co/api/v2/move-learn-method/1/"
                    },
                    "order": null,
                    "version_group": {
                        "name": "sword-shield",
                        "url": "https://pokeapi.co/api/v2/version-group/20/"
                    }
                },
                {
                    "level_learned_at": 0,
                    "move_learn_method": {
                        "name": "machine",
                        "url": "https://pokeapi.co/api/v2/move-learn-method/4/"
                    },
                    "order": null,
                    "version_group": {
                        "name": "sword-shield",
                        "url": "https://pokeapi.co/api/v2/version-group/20/"
                    }
                }
            ]
        },
        {
            "move": {
                "name": "mud-shot",
                "url": "https://pokeapi.co/api/v2/move/341/"
            },
            "version_group_details": [
                {
                    "level_learned_at": 0,
                    "move_learn_method": {
                        "name": "machine",
                        "url": "https://pokeapi.co/api/v2/move-learn-method/4/"
                    },
                    "order": null,
                    "version_group": {
                        "name": "sword-shield",
                        "url": "https://pokeapi.co/api/v2/version-group/20/"
                    }
                }
            ]
        },
        {
            "move": {
                "name": "brine",
                "url": "https://pokeapi.co/api/v2/move/362/"
            },
            "version_group_details": [
                {
                    "level_learned_at": 0,
                    "move_learn_method": {
                        "name": "machine",
                        "url": "https://pokeapi.co/api/v2/move-learn-method/4/"
                    },
                    "order": null,
                    "version_group": {
                        "name": "sword-shield",
                        "url": "https://pokeapi.co/api/v2/version-group/20/"
                    }
                }
            ]
        },
        {
            "move": {
                "name": "feint",
                "url": "https://pokeapi.co/api/v2/move/364/"
            },
            "version_group_details": [
                {
                    "level_learned_at": 5,
                    "move_learn_method": {
                        "name": "level-up",
                        "url": "https://pokeapi.co/api/v2/move-learn-method/1/"
                    },
                    "order": null,
                    "version_group": {
                        "name": "sword-shield",
                        "url": "https://pokeapi.co/api/v2/version-group/20/"
                    }
                }
            ]
        },
        {
            "move": {
                "name": "close-combat",
                "url": "https://pokeapi.co/api/v2/move/370/"
            },
            "version_group_details": [
                {
                    "level_learned_at": 0,
                    "move_learn_method": {
                        "name": "machine",
                        "url": "https://pokeapi.co/api/v2/move-learn-method/4/"
                    },
                    "order": null,
                    "version_group": {
                        "name": "sword-shield",
                        "url": "https://pokeapi.co/api/v2/version-group/20/"
                    }
                }
            ]
        },
        {
            "move": {
                "name": "payback",
                "url": "https://pokeapi.co/api/v2/move/371/"
            },
            "version_group_details": [
                {
                    "level_learned_at": 0,
                    "move_learn_method": {
                        "name": "machine",
                        "url": "https://pokeapi.co/api/v2/move-learn-method/4/"
                    },
                    "order": null,
                    "version_group": {
                        "name": "sword-shield",
                        "url": "https://pokeapi.co/api/v2/version-group/20/"
                    }
                }
            ]
        },
        {
            "move": {
                "name": "sucker-punch",
                "url": "https://pokeapi.co/api/v2/move/389/"
            },
            "version_group_details": [
                {
                    "level_learned_at": 0,
                    "move_learn_method": {
                        "name": "egg",
                        "url": "https://pokeapi.co/api/v2/move-learn-method/2/"
                    },
                    "order": null,
                    "version_group": {
                        "name": "sword-shield",
                        "url": "https://pokeapi.co/api/v2/version-group/20/"
                    }
                }
            ]
        },
        {
            "move": {
                "name": "focus-blast",
                "url": "https://pokeapi.co/api/v2/move/411/"
            },
            "version_group_details": [
                {
                    "level_learned_at": 0,
                    "move_learn_method": {
                        "name": "machine",
                        "url": "https://pokeapi.co/api/v2/move-learn-method/4/"
                    },
                    "order": null,
                    "version_group": {
                        "name": "sword-shield",
                        "url": "https://pokeapi.co/api/v2/version-group/20/"
                    }
                }
            ]
        },
        {
            "move": {
                "name": "soak",
                "url": "https://pokeapi.co/api/v2/move/487/"
            },
            "version_group_details": [
                {
                    "level_learned_at": 0,
                    "move_learn_method": {
                        "name": "egg",
                        "url": "https://pokeapi.co/api/v2/move-learn-method/2/"
                    },
                    "order": null,
                    "version_group": {
                        "name": "sword-shield",
                        "url": "https://pokeapi.co/api/v2/version-group/20/"
                    }
                }
            ]
        },
        {
            "move": {
                "name": "round",
                "url": "https://pokeapi.co/api/v2/move/496/"
            },
            "version_group_details": [
                {
                    "level_learned_at": 0,
                    "move_learn_method": {
                        "name": "machine",
                        "url": "https://pokeapi.co/api/v2/move-learn-method/4/"
                    },
                    "order": null,
                    "version_group": {
                        "name": "sword-shield",
                        "url": "https://pokeapi.co/api/v2/version-group/20/"
                    }
                }
            ]
        },
        {
            "move": {
                "name": "circle-throw",
                "url": "https://pokeapi.co/api/v2/move/509/"
            },
            "version_group_details": [
                {
                    "level_learned_at": 0,
                    "move_learn_method": {
                        "name": "egg",
                        "url": "https://pokeapi.co/api/v2/move-learn-method/2/"
                    },
                    "order": null,
                    "version_group": {
                        "name": "sword-shield",
                        "url": "https://pokeapi.co/api/v2/version-group/20/"
                    }
                }
            ]
        },
        {
            "move": {
                "name": "retaliate",
                "url": "https://pokeapi.co/api/v2/move/514/"
            },
            "version_group_details": [
                {
                    "level_learned_at": 0,
                    "move_learn_method": {
                        "name": "machine",
                        "url": "https://pokeapi.co/api/v2/move-learn-method/4/"
                    },
                    "order": null,
                    "version_group": {
                        "name": "sword-shield",
                        "url": "https://pokeapi.co/api/v2/version-group/20/"
                    }
                }
            ]
        },
        {
            "move": {
                "name": "work-up",
                "url": "https://pokeapi.co/api/v2/move/526/"
            },
            "version_group_details": [
                {
                    "level_learned_at": 0,
                    "move_learn_method": {
                        "name": "machine",
                        "url": "https://pokeapi.co/api/v2/move-learn-method/4/"
                    },
                    "order": null,
                    "version_group": {
                        "name": "sword-shield",
                        "url": "https://pokeapi.co/api/v2/version-group/20/"
                    }
                }
            ]
        },
        {
            "move": {
                "name": "power-up-punch",
                "url": "https://pokeapi.co/api/v2/move/612/"
            },
            "version_group_details": [
                {
                    "level_learned_at": 0,
                    "move_learn_method": {
                        "name": "egg",
                        "url": "https://pokeapi.co/api/v2/move-learn-method/2/"
                    },
                    "order": null,
                    "version_group": {
                        "name": "sword-shield",
                        "url": "https://pokeapi.co/api/v2/version-group/20/"
                    }
                }
            ]
        },
        {
            "move": {
                "name": "liquidation",
                "url": "https://pokeapi.co/api/v2/move/710/"
            },
            "version_group_details": [
                {
                    "level_learned_at": 0,
                    "move_learn_method": {
                        "name": "machine",
                        "url": "https://pokeapi.co/api/v2/move-learn-method/4/"
                    },
                    "order": null,
                    "version_group": {
                        "name": "sword-shield",
                        "url": "https://pokeapi.co/api/v2/version-group/20/"
                    }
                }
            ]
        },
        {
            "move": {
                "name": "coaching",
                "url": "https://pokeapi.co/api/v2/move/811/"
            },
            "version_group_details": [
                {
                    "level_learned_at": 0,
                    "move_learn_method": {
                        "name": "tutor",
                        "url": "https://pokeapi.co/api/v2/move-learn-method/3/"
                    },
                    "order": null,
                    "version_group": {
                        "name": "sword-shield",
                        "url": "https://pokeapi.co/api/v2/version-group/20/"
                    }
                }
            ]
        }
    ],
    "name": "clobbopus",
    "order": 1036,
    "past_abilities": [],
    "past_types": [],
    "species": {
        "name": "clobbopus",
        "url": "https://pokeapi.co/api/v2/pokemon-species/852/"
    },
    "sprites": {
        "back_default": "https://raw.githubusercontent.com/PokeAPI/sprites/master/sprites/pokemon/back/852.png",
        "back_female": null,
        "back_shiny": "https://raw.githubusercontent.com/PokeAPI/sprites/master/sprites/pokemon/back/shiny/852.png",
        "back_shiny_female": null,
        "front_default": "https://raw.githubusercontent.com/PokeAPI/sprites/master/sprites/pokemon/852.png",
        "front_female": null,
        "front_shiny": "https://raw.githubusercontent.com/PokeAPI/sprites/master/sprites/pokemon/shiny/852.png",
        "front_shiny_female": null,
        "other": {
            "dream_world": {
                "front_default": null,
                "front_female": null
            },
            "home": {
                "front_default": "https://raw.githubusercontent.com/PokeAPI/sprites/master/sprites/pokemon/other/home/852.png",
                "front_female": null,
                "front_shiny": "https://raw.githubusercontent.com/PokeAPI/sprites/master/sprites/pokemon/other/home/shiny/852.png",
                "front_shiny_female": null
            },
            "official-artwork": {
                "front_default": "https://raw.githubusercontent.com/PokeAPI/sprites/master/sprites/pokemon/other/official-artwork/852.png",
                "front_shiny": "https://raw.githubusercontent.com/PokeAPI/sprites/master/sprites/pokemon/other/official-artwork/shiny/852.png"
            },
            "showdown": {
                "back_default": "https://raw.githubusercontent.com/PokeAPI/sprites/master/sprites/pokemon/other/showdown/back/852.gif",
                "back_female": null,
                "back_shiny": "https://raw.githubusercontent.com/PokeAPI/sprites/master/sprites/pokemon/other/showdown/back/shiny/852.gif",
                "back_shiny_female": null,
                "front_default": "https://raw.githubusercontent.com/PokeAPI/sprites/master/sprites/pokemon/other/showdown/852.gif",
                "front_female": null,
                "front_shiny": "https://raw.githubusercontent.com/PokeAPI/sprites/master/sprites/pokemon/other/showdown/shiny/852.gif",
                "front_shiny_female": null
            }
        },
        "versions": {
            "generation-i": {
                "red-blue": {
                    "back_default": null,
                    "back_gray": null,
                    "back_transparent": null,
                    "front_default": null,
                    "front_gray": null,
                    "front_transparent": null
                },
                "yellow": {
                    "back_default": null,
                    "back_gray": null,
                    "back_transparent": null,
                    "front_default": null,
                    "front_gray": null,
                    "front_transparent": null
                }
            },
            "generation-ii": {
                "crystal": {
                    "back_default": null,
                    "back_shiny": null,
                    "back_shiny_transparent": null,
                    "back_transparent": null,
                    "front_default": null,
                    "front_shiny": null,
                    "front_shiny_transparent": null,
                    "front_transparent": null
                },
                "gold": {
                    "back_default": null,
                    "back_shiny": null,
                    "front_default": null,
                    "front_shiny": null,
                    "front_transparent": null
                },
                "silver": {
                    "back_default": null,
                    "back_shiny": null,
                    "front_default": null,
                    "front_shiny": null,
                    "front_transparent": null
                }
            },
            "generation-iii": {
                "emerald": {
                    "front_default": null,
                    "front_shiny": null
                },
                "firered-leafgreen": {
                    "back_default": null,
                    "back_shiny": null,
                    "front_default": null,
                    "front_shiny": null
                },
                "ruby-sapphire": {
                    "back_default": null,
                    "back_shiny": null,
                    "front_default": null,
                    "front_shiny": null
                }
            },
            "generation-iv": {
                "diamond-pearl": {
                    "back_default": null,
                    "back_female": null,
                    "back_shiny": null,
                    "back_shiny_female": null,
                    "front_default": null,
                    "front_female": null,
                    "front_shiny": null,
                    "front_shiny_female": null
                },
                "heartgold-soulsilver": {
                    "back_default": null,
                    "back_female": null,
                    "back_shiny": null,
                    "back_shiny_female": null,
                    "front_default": null,
                    "front_female": null,
                    "front_shiny": null,
                    "front_shiny_female": null
                },
                "platinum": {
                    "back_default": null,
                    "back_female": null,
                    "back_shiny": null,
                    "back_shiny_female": null,
                    "front_default": null,
                    "front_female": null,
                    "front_shiny": null,
                    "front_shiny_female": null
                }
            },
            "generation-v": {
                "black-white": {
                    "animated": {
                        "back_default": null,
                        "back_female": null,
                        "back_shiny": null,
                        "back_shiny_female": null,
                        "front_default": null,
                        "front_female": null,
                        "front_shiny": null,
                        "front_shiny_female": null
                    },
                    "back_default": "https://raw.githubusercontent.com/PokeAPI/sprites/master/sprites/pokemon/versions/generation-v/black-white/back/852.png",
                    "back_female": null,
                    "back_shiny": "https://raw.githubusercontent.com/PokeAPI/sprites/master/sprites/pokemon/versions/generation-v/black-white/back/shiny/852.png",
                    "back_shiny_female": null,
                    "front_default": "https://raw.githubusercontent.com/PokeAPI/sprites/master/sprites/pokemon/versions/generation-v/black-white/852.png",
                    "front_female": null,
                    "front_shiny": "https://raw.githubusercontent.com/PokeAPI/sprites/master/sprites/pokemon/versions/generation-v/black-white/shiny/852.png",
                    "front_shiny_female": null
                }
            },
            "generation-vi": {
                "omegaruby-alphasapphire": {
                    "front_default": null,
                    "front_female": null,
                    "front_shiny": null,
                    "front_shiny_female": null
                },
                "x-y": {
                    "front_default": null,
                    "front_female": null,
                    "front_shiny": null,
                    "front_shiny_female": null
                }
            },
            "generation-vii": {
                "icons": {
                    "front_default": null,
                    "front_female": null
                },
                "ultra-sun-ultra-moon": {
                    "front_default": null,
                    "front_female": null,
                    "front_shiny": null,
                    "front_shiny_female": null
                }
            },
            "generation-viii": {
                "icons": {
                    "front_default": "https://raw.githubusercontent.com/PokeAPI/sprites/master/sprites/pokemon/versions/generation-viii/icons/852.png",
                    "front_female": null
                }
            }
        }
    },
    "stats": [
        {
            "base_stat": 50,
            "effort": 0,
            "stat": {
                "name": "hp",
                "url": "https://pokeapi.co/api/v2/stat/1/"
            }
        },
        {
            "base_stat": 68,
            "effort": 1,
            "stat": {
                "name": "attack",
                "url": "https://pokeapi.co/api/v2/stat/2/"
            }
        },
        {
            "base_stat": 60,
            "effort": 0,
            "stat": {
                "name": "defense",
                "url": "https://pokeapi.co/api/v2/stat/3/"
            }
        },
        {
            "base_stat": 50,
            "effort": 0,
            "stat": {
                "name": "special-attack",
                "url": "https://pokeapi.co/api/v2/stat/4/"
            }
        },
        {
            "base_stat": 50,
            "effort": 0,
            "stat": {
                "name": "special-defense",
                "url": "https://pokeapi.co/api/v2/stat/5/"
            }
        },
        {
            "base_stat": 32,
            "effort": 0,
            "stat": {
                "name": "speed",
                "url": "https://pokeapi.co/api/v2/stat/6/"
            }
        }
    ],
    "types": [
        {
            "slot": 1,
            "type": {
                "name": "fighting",
                "url": "https://pokeapi.co/api/v2/type/2/"
            }
        }
    ],
    "weight": 40
}